<?xml version="1.0" encoding="UTF-8"?>
<?xml-model href="http://www.stoa.org/epidoc/schema/8.19/tei-epidoc.rng"
schematypens="http://relaxng.org/ns/structure/1.0"?>
<?xml-model href="http://www.stoa.org/epidoc/schema/8.19/tei-epidoc.rng"
schematypens="http://purl.oclc.org/dsdl/schematron"?>
<TEI xmlns="http://www.tei-c.org/ns/1.0">
  <teiHeader>
    <fileDesc>
      <titleStmt>
        <title>Hymn 10 To Aphrodite</title>
        
        <editor role="translator">Hugh G. Evelyn-White</editor>
        <sponsor>Perseus Project, Tufts University</sponsor>
        <principal>Gregory Crane</principal>
        <respStmt>
          <resp>Prepared under the supervision of</resp>
          <name>Lisa Cerrato</name>
          <name>William Merrill</name>
          <name>Elli Mylonas</name>
          <name>David Smith</name>
        </respStmt>
        <funder n="org:AnnCPB">The Annenberg CPB/Project</funder>

      </titleStmt>
      <publicationStmt>
        <publisher>Trustees of Tufts University</publisher>
        <pubPlace>Medford, MA</pubPlace>
        <authority>Perseus Project</authority>
      </publicationStmt>



      <sourceDesc>
        <bibl>
          <author>Anonymous</author>
          <title>The Homeric Hymns and Homerica with an English Translation by Hugh G. Evelyn-White.
            Homeric Hymns</title>
          <publisher>Cambridge, MA.,Harvard University Press; London, William Heinemann
            Ltd.</publisher>
          <date>1914</date>
        </bibl>
      </sourceDesc>

    </fileDesc>

    <encodingDesc>
      <refsDecl n="CTS">
        <cRefPattern n="line"
          matchPattern="(\\w+)"
          replacementPattern="#xpath(/tei:TEI/tei:text/tei:body//tei:l[@n=\'$1\'])">
          <p>This pointer pattern extracts line</p>
        </cRefPattern>
      </refsDecl>
      <refsDecl>
        <refState unit="line"/>
      </refsDecl>
      <!--<refsDecl>
	<refState n="chunk" unit="card"/>
      </refsDecl>-->
    </encodingDesc>

    <profileDesc>
      <langUsage>
        <language ident="eng">English</language>
        <language ident="grc">Greek</language>
        <!--<language ident="xgreek">Transliterated Greek</language>-->
      </langUsage>
    </profileDesc>

    <revisionDesc>
      <change when="1988-01-01" who="Bill Merrill">Text keyboarded in the Philippines.  Basic SGML tagging by Bill Merrill</change>
      <change when="1993-08-01" who="EM">Go over text, check cardbreaks, and change tags to be more TEI conformant.</change>
      <change when="2014-07-01" who="Stella Dee">split composite text and converted to unicode</change>
      <change when="2016-01-14" who="Lisa Cerrato">EpiDoc conversion and CTS related changes</change>
      <change when="2014-10-01" who="Stella Dee">edited markup</change>
      <change when="2015-12-11" who="Lisa Cerrato">fixing titles and headers</change>
      <change when="2015-12-11" who="Lisa Cerrato">fixed incorrect text</change>
      <change when="2016-01-14" who="Lisa Cerrato">EpiDoc conversion and CTS related changes</change>
    </revisionDesc>

  </teiHeader>
  
  <text xml:lang="eng">
    <body>
      <div type="translation" xml:lang="eng" n="urn:cts:greekLit:tlg0013.tlg010.perseus-eng2">
      <head>To Aphrodite</head>
        <milestone n="1" unit="card"/>
          <l n="1"><milestone unit="Para" ed="P"/>Of Cytherea, born in <placeName key="tgn,1000112">Cyprus</placeName>, I will sing. 
            She gives kindly gifts to men: smiles are ever on her lovely face, and lovely is the brightness that plays over it.
            <milestone unit="Para" ed="P"/>Hail, goddess, queen of well-built <placeName key="tgn,7002340">Salamis</placeName></l>
          <l n="5">and sea-girt <placeName key="tgn,1000112">Cyprus</placeName>; grant me a cheerful song. 
            And now I will remember you and another song also.</l>
      </div>
    </body>
  </text>
</TEI>
