<?xml version="1.0" encoding="UTF-8"?>
<?xml-model href="http://www.stoa.org/epidoc/schema/8.19/tei-epidoc.rng"
schematypens="http://relaxng.org/ns/structure/1.0"?>
<?xml-model href="http://www.stoa.org/epidoc/schema/8.19/tei-epidoc.rng"
schematypens="http://purl.oclc.org/dsdl/schematron"?>
<TEI xmlns="http://www.tei-c.org/ns/1.0">  
    <teiHeader>
        <fileDesc>
            <titleStmt>
                <title>Hymn 7 Το Dionysus</title>
                
                <editor role="translator">Hugh G. Evelyn-White</editor>
                <sponsor>Perseus Project, Tufts University</sponsor>
                <principal>Gregory Crane</principal>
                <respStmt>
                    <resp>Prepared under the supervision of</resp>
                    <name>Lisa Cerrato</name>
                    <name>William Merrill</name>
                    <name>Elli Mylonas</name>
                    <name>David Smith</name>
                </respStmt>
                <funder n="org:AnnCPB">The Annenberg CPB/Project</funder>
            </titleStmt>
            <extent>about 159Kb</extent>
            <publicationStmt>
                <publisher>Trustees of Tufts University</publisher>
                <pubPlace>Medford, MA</pubPlace>
                <authority>Perseus Project</authority>
            </publicationStmt>
            <sourceDesc>
                <bibl>
                    <author>Anonymous</author>
                    <title>The Homeric Hymns and Homerica with an English Translation by Hugh G.
                        Evelyn-White. Homeric Hymns</title>
                    <publisher>Cambridge, MA.,Harvard University Press; London, William Heinemann
                        Ltd.</publisher>
                    <date>1914</date>
                </bibl>
            </sourceDesc>
        </fileDesc>
        <encodingDesc>
            <refsDecl n="CTS">
                <cRefPattern n="line"
                    matchPattern="(\\w+)"
                    replacementPattern="#xpath(/tei:TEI/tei:text/tei:body//tei:l[@n=\'$1\'])">
                    <p>This pointer pattern extracts line</p>
                </cRefPattern>
            </refsDecl>
            <refsDecl>
                <refState unit="line"/>
            </refsDecl>
            <!--<refsDecl>
	<refState n="chunk" unit="card"/>
      </refsDecl>-->    
        </encodingDesc>
        <profileDesc>
            <langUsage>
                <language ident="eng">English</language>
                <language ident="grc">Greek</language>
                <!--<language id="xgreek">Transliterated Greek</language>-->
            </langUsage>
        </profileDesc>
        
        <revisionDesc>
            <change when="1988-01-01" who="Bill Merrill">Text keyboarded in the Philippines.  Basic SGML tagging by Bill Merrill</change>
            <change when="1993-08-01" who="EM">Go over text, check cardbreaks, and change tags to be more TEI conformant.</change>
            <change when="2014-07-01" who="Stella Dee">split composite text and converted to unicode</change>
          <change when="2015-12-11" who="Lisa Cerrato">fixing titles and headers</change>
            <change when="2016-01-14" who="Lisa Cerrato">EpiDoc conversion and CTS related changes</change>
</revisionDesc>
    </teiHeader>
    
    <text xml:lang="eng">
        <body>
            <div type="translation" xml:lang="eng" n="urn:cts:greekLit:tlg0013.tlg007.perseus-eng2">
            <head>To Dionysus</head>
                <milestone n="1" unit="card"/><l n="1"><milestone unit="Para" ed="P"/>I will tell of Dionysus, the son of
            glorious Semele, how he appeared on a jutting headland by the shore of the
            fruitless sea, seeming like a stripling in the first flush of manhood: his
            rich, dark hair was waving about him,</l> 
                <l n="5">and on his strong shoulders he wore a purple robe. Presently there came
            swiftly over the sparkling sea Tyrsenian <note anchored="true" resp="ed">Probably not Etruscans, but the non-Hellenic peoples of <placeName key="tgn,7002756">Thrace</placeName> and (according to
                Thucydides) of <placeName key="tgn,7011173">Lemnos</placeName> and
                <placeName key="perseus,Athens">Athens</placeName>. Cp. Herodotus i.
                57; Thucydides iv. 109.</note> pirates on a well-decked ship —a
            miserable doom led them on. When they saw him they made signs to one another
            and sprang out quickly, and seizing him straightway</l> <l n="10">put him on board their ship exultingly; for they thought
            him the son of heaven-nurtured kings. They sought to bind him with rude
            bonds, but the bonds would not hold him, and the withes fell far away from
            his hands and feet: and he sat with a smile</l> <l n="15">in his dark eyes. Then the helmsman understood all and
                cried out at once to his fellows and said: <milestone unit="Para" ed="P"/><!--<milestone type="startquote"/>-->“Madmen! what god is this whom you have taken and bind, strong that he
            is? Not even the well-built ship can carry him. Surely this is either Zeus
            or Apollo who has the silver bow,</l> <l n="20">or
            Poseidon, for he looks not like mortal men but like the gods who dwell on
            <placeName key="tgn,7011019">Olympus</placeName>. Come, then, let us set
            him free upon the dark shore at once: do not lay hands on him, lest he grow
            angry and stir up dangerous winds and heavy squalls.”<!--<milestone type="endquote"/>--></l>
                <l n="25"><milestone unit="Para" ed="P"/>So said he: but the master chid him
                    with taunting words: <!--<milestone type="startquote"/>-->“Madman, mark the wind and help hoist sail on the
            ship: catch all the sheets. As for this fellow we men will see to him: I
            reckon he is bound for <placeName key="tgn,7016833">Egypt</placeName> or for
            <placeName key="tgn,1000112">Cyprus</placeName> or to the Hyperboreans
            or further still. But in the end</l> <l n="30">he
            will speak out and tell us his friends and all his wealth and his brothers,
            now that providence has thrown him in our way.”<!--<milestone type="endquote"/>--> 
            
                <milestone n="32" unit="card"/><milestone unit="Para" n="1" ed="P"/>When he had said this, he had mast and sail hoisted on the ship, and the wind
            filled the sail and the crew hauled taut the sheets on either side. But soon
            strange things were seen among them.</l> 
                <l n="35">First of all sweet, fragrant wine ran streaming throughout all the black
            ship and a heavenly smell arose, so that all the seamen were seized with
            amazement when they saw it. And all at once a vine spread out both ways
            along the top of the sail with many clusters hanging down from it, </l>
            <l n="40">and a dark ivy-plant twined about
            the mast, blossoming with flowers, and with rich berries growing on it; and
            all the thole-pins were covered with garlands. When the pirates saw all
            this, then at last they bade the helmsman to put the ship to land. But the
            god changed into a dreadful lion there on the ship, </l>
                <l n="45">in the bows, and roared loudly: amidships also he showed
            his wonders and created a shaggy bear which stood up ravening, while on the
            forepeak was the lion glaring fiercely with scowling brows. And so the
            sailors fled into the stern and crowded bemused about the right-minded
            helmsman, until suddenly the lion sprang upon the master </l> <l n="50">and seized him; and when the sailors saw it they
            leapt out overboard one and all into the bright sea, escaping from a
            miserable fate, and were changed into dolphins. But on the helmsman Dionysus
            had mercy and held him back and made him altogether happy, saying to
            him: </l>
                
                <l n="55"><milestone unit="Para" n="1" ed="P"/><!--<milestone type="startquote"/>--> “Take courage, good <gap reason="lost"/>; you have
            found favour with my heart. I am loud-crying Dionysus whom Cadmus' daughter
            Semele bare of union with Zeus.”<!--<milestone type="endquote"/>--> 
                <milestone unit="Para" n="1" ed="P"/>Hail, child of fair-faced Semele! He who forgets you can in no wise order
            sweet song.</l>
            </div>
        </body>
    </text>
</TEI>
