<?xml version="1.0" encoding="UTF-8"?>
<?xml-model href="http://www.stoa.org/epidoc/schema/8.19/tei-epidoc.rng"
schematypens="http://relaxng.org/ns/structure/1.0"?>
<?xml-model href="http://www.stoa.org/epidoc/schema/8.19/tei-epidoc.rng"
schematypens="http://purl.oclc.org/dsdl/schematron"?>
<TEI xmlns="http://www.tei-c.org/ns/1.0">
  <teiHeader>
    <fileDesc>
      <titleStmt>
        <title>Hymn 31 To Helios</title>
        
        <editor>Hugh G. Evelyn-White</editor>
        <sponsor>Perseus Project, Tufts University</sponsor>
        <principal>Gregory Crane</principal>
        <respStmt>
          <resp>Prepared under the supervision of</resp>
          <name>Lisa Cerrato</name>
          <name>William Merrill</name>
          <name>Elli Mylonas</name>
          <name>David Smith</name>
        </respStmt>
        <funder n="org:AnnCPB">The Annenberg CPB/Project</funder>

      </titleStmt>
      <publicationStmt>
        <publisher>Trustees of Tufts University</publisher>
        <pubPlace>Medford, MA</pubPlace>
        <authority>Perseus Project</authority>
      </publicationStmt>





      <sourceDesc>
        <bibl>
          <author>Anonymous</author>
          <title>The Homeric Hymns and Homerica with an English Translation by Hugh G. Evelyn-White.
            Homeric Hymns</title>
          <publisher>Cambridge, MA.,Harvard University Press; London, William Heinemann
            Ltd.</publisher>
          <date>1914</date>
        </bibl>
      </sourceDesc>

    </fileDesc>

    <encodingDesc>
      <refsDecl n="CTS">
        <cRefPattern n="line"
          matchPattern="(\\w+)"
          replacementPattern="#xpath(/tei:TEI/tei:text/tei:body//tei:l[@n=\'$1\'])">
          <p>This pointer pattern extracts line</p>
        </cRefPattern>
      </refsDecl>
      <refsDecl>
        <refState unit="line"/>
      </refsDecl>
      <!--<refsDecl>
	<refState n="chunk" unit="card"/>
      </refsDecl>-->
    </encodingDesc>

    <profileDesc>
      <langUsage>
        <language ident="grc">Greek</language>
      </langUsage>
    </profileDesc>

    <revisionDesc>
      <change when="1988-01-01" who="Bill Merrill">Text keyboarded in the Philippines.  Basic SGML tagging by Bill Merrill</change>
      <change when="1993-08-01" who="EM">Go over text, check cardbreaks, and change tags to be more TEI conformant.</change>
      <change when="2014-07-01" who="Stella Dee">split composite text and converted to unicode</change>  
      <change when="2014-08-01" who="Stella Dee">edited markup</change>
      <change when="2015-12-11" who="Lisa Cerrato">fixing titles and headers</change>
      <change when="2016-01-15" who="Lisa Cerrato">EpiDoc conversion and CTS related changes</change>
    </revisionDesc>

  </teiHeader>
  <text xml:lang="grc">
    <body>
      
      <div type="edition" xml:lang="grc" n="urn:cts:greekLit:tlg0013.tlg031.perseus-grc2">
      <head>Εἲς Ἥλιον</head>
    

        <milestone unit="card" n="1" ed="P"/>
        <l n="1"><milestone unit="Para" ed="P"/>ἥλιον ὑμνεῖν αὖτε Διὸς τέκος ἄρχεο Μοῦσα, </l>
        <l n="2">Καλλιόπη, φαέθοντα, τὸν Εὐρυφάεσσα βοῶπις </l>
        <l n="3">γείνατο Γαίης παιδὶ καὶ Οὐρανοῦ ἀστερόεντος· </l>
        <l n="4">γῆμε γὰρ Εὐρυφάεσσαν ἀγακλειτὴν Ὑπερίων, </l>
        <l n="5">αὐτοκασιγνήτην, ἥ οἱ τέκε κάλλιμα τέκνα, </l>
        <l n="6">Ἠῶ τε ῥοδόπηχυν ἐυπλόκαμόν τε Σελήνην </l>
        <l n="7">Ἠέλιόν τʼ ἀκάμαντʼ, ἐπιείκελον ἀθανάτοισιν, </l>
        <l n="8">ὃς φαίνει θνητοῖσι καὶ ἀθανάτοισι θεοῖσιν </l>
        <l n="9">ἵπποις ἐμβεβαώς· σμερδνὸν δʼ ὅ γε δέρκεται ὄσσοις </l>
        <l n="10">χρυσέης ἐκ κόρυθος· λαμπραὶ δʼ ἀκτῖνες ἀπʼ αὐτοῦ </l>
        <l n="11">αἰγλῆεν στίλβουσι παρὰ κροτάφων δέ τʼ ἔθειραι </l>
        <l n="12">λαμπραὶ ἀπὸ κρατὸς χαρίεν κατέχουσι πρόσωπον </l>
        <l n="13">τηλαυγές· καλὸν δὲ περὶ χροῒ λάμπεται ἔσθος </l>
        <l n="14">λεπτουργές, πνοιῇ ἀνέμων· ὕπο δʼ ἄρσενες ἵπποι. </l>
        <l n="15">ἔνθʼ ἄρʼ ὅ γε στήσας χρυσόζυγον ἅρμα καὶ ἵππους, </l>
        <l n="15a">[αὐτόθι παύεται ἄκρου ἐπʼ οὐρανοῦ, εἰσόκεν αὖτις] </l>
        <l n="16">θεσπέσιος πέμπῃσι διʼ οὐρανοῦ Ὠκεανόνδε. </l>
        <l n="17"><milestone unit="Para" ed="P"/>χαῖρε, ἄναξ, πρόφρων δὲ βίον θυμήρεʼ ὄπαζε. </l>
        <l n="18">ἐκ σέο δʼ ἀρξάμενος κλῄσω μερόπων γένος ἀνδρῶν </l>
        <l n="19">ἡμιθέων, ὧν ἔργα θεαὶ θνητοῖσιν ἔδειξαν. </l>
      </div>
    </body>
  </text>
</TEI>
