<?xml version="1.0" encoding="UTF-8"?>
<?xml-model href="http://www.stoa.org/epidoc/schema/8.19/tei-epidoc.rng"
schematypens="http://relaxng.org/ns/structure/1.0"?>
<?xml-model href="http://www.stoa.org/epidoc/schema/8.19/tei-epidoc.rng"
schematypens="http://purl.oclc.org/dsdl/schematron"?>
<TEI xmlns="http://www.tei-c.org/ns/1.0">
   <teiHeader>
      <fileDesc>
         <titleStmt>
            <title>Hymn 31 To Helios</title>
	           
	           <editor role="translator">Hugh G. Evelyn-White</editor>
	           <sponsor>Perseus Project, Tufts University</sponsor>
		          <principal>Gregory Crane</principal>
		          <respStmt>
		             <resp>Prepared under the supervision of</resp>
		             <name>Lisa Cerrato</name>
		             <name>William Merrill</name>
		             <name>Elli Mylonas</name>
		             <name>David Smith</name>
		          </respStmt>
	           <funder n="org:AnnCPB">The Annenberg CPB/Project</funder>
         </titleStmt>

         <extent>about 159Kb</extent>

         <publicationStmt>
		          <publisher>Trustees of Tufts University</publisher>
		          <pubPlace>Medford, MA</pubPlace>
		          <authority>Perseus Project</authority>
		       </publicationStmt>

         <sourceDesc>
	           <bibl>	  
               <author>Anonymous</author>
	              <title>The Homeric Hymns and Homerica
with an English Translation by Hugh G. Evelyn-White.
Homeric Hymns</title>
	              <publisher>Cambridge, MA.,Harvard University Press; London, William Heinemann Ltd.</publisher>
	              <date>1914</date>
	           </bibl>
         </sourceDesc>

      </fileDesc>

      <encodingDesc>
         <refsDecl n="CTS">
            <cRefPattern n="line"
               matchPattern="(\\w+)"
               replacementPattern="#xpath(/tei:TEI/tei:text/tei:body//tei:l[@n=\'$1\'])">
               <p>This pointer pattern extracts line</p>
            </cRefPattern>
         </refsDecl>
         <refsDecl>
            <refState unit="line"/>
         </refsDecl>
         <!--<refsDecl>
	<refState n="chunk" unit="card"/>
      </refsDecl>-->
      </encodingDesc>

      <profileDesc>
         <langUsage>
	           <language ident="eng">English</language>
	           <language ident="grc">Greek</language>
	          <!--  <language id="xgreek">Transliterated Greek</language> -->
         </langUsage>
      </profileDesc>
      
      <revisionDesc>
         <change when="1988-01-01" who="Bill Merrill">Text keyboarded in the Philippines.  Basic SGML tagging by Bill Merrill</change>
         <change when="1993-08-01" who="EM">Go over text, check cardbreaks, and change tags to be more TEI conformant.</change>
         <change when="2015-12-11" who="Lisa Cerrato">fixing titles and headers</change>
         <change when="2015-12-14" who="Lisa Cerrato">added missing lines at end</change>
         <change when="2016-01-15" who="Lisa Cerrato">EpiDoc conversion and CTS related changes</change>
      </revisionDesc>

  </teiHeader>
	  <text xml:lang="eng">
      <body>
         <div type="translation" xml:lang="eng" n="urn:cts:greekLit:tlg0013.tlg031.perseus-eng2">
		       <head>To Helios</head>
		       <milestone ed="P" n="1" unit="card"/>

            <l n="1"><milestone unit="Para" ed="P"/>And now, O Muse Calliope, daughter of Zeus, begin to sing of glowing Helios whom mild-eyed Euryphaessa, the far-shining one, bare to the Son of Earth and starry Heaven. For Hyperion wedded glorious Euryphaessa, </l>
            <l n="5">his own sister, who bare him lovely children, rosy-armed Eos and rich-tressed Selene and tireless Helios who is like the deathless gods. As he rides in his chariot, he shines upon men and deathless gods, and piercingly he gazes with his eyes </l>
            <l n="10">from his golden helmet. Bright rays beam dazzlingly from him, and his bright locks streaming from the temples of his head gracefully enclose his far-seen face: a rich, fine-spun garment glows upon his body and flutters in the wind: and stallions carry him. </l>
            <l n="15">Then, when he has stayed his golden-yoked chariot and horses, </l>
            <l n="15a">he rests there upon the highest point of heaven, until he marvelously drives them down again through heaven to Ocean.
               <milestone unit="Para" ed="P"/>Hail to you, lord! Freely bestow on me substance that cheers the heart. And now that I have begun with you, I will celebrate the race of mortal men half-divine whose deeds the Muses have showed to mankind.</l>
            </div>
         
      </body>
   </text>
</TEI>
