<?xml version="1.0" encoding="UTF-8"?>
<?xml-model href="http://www.stoa.org/epidoc/schema/8.19/tei-epidoc.rng"
schematypens="http://relaxng.org/ns/structure/1.0"?>
<?xml-model href="http://www.stoa.org/epidoc/schema/8.19/tei-epidoc.rng"
schematypens="http://purl.oclc.org/dsdl/schematron"?>
<TEI xmlns="http://www.tei-c.org/ns/1.0">
  <teiHeader>
    <fileDesc>
      <titleStmt>
        <title>Hymn 32 To Selene</title>
        
        <editor role="translator">Hugh G. Evelyn-White</editor>
        <sponsor>Perseus Project, Tufts University</sponsor>
        <principal>Gregory Crane</principal>
        <respStmt>
          <resp>Prepared under the supervision of</resp>
          <name>Lisa Cerrato</name>
          <name>William Merrill</name>
          <name>Elli Mylonas</name>
          <name>David Smith</name>
        </respStmt>
        <funder n="org:AnnCPB">The Annenberg CPB/Project</funder>

      </titleStmt>
      <publicationStmt>
        <publisher>Trustees of Tufts University</publisher>
        <pubPlace>Medford, MA</pubPlace>
        <authority>Perseus Project</authority>
      </publicationStmt>

      <sourceDesc>
        <bibl>
          <author>Anonymous</author>
          <title>The Homeric Hymns and Homerica with an English Translation by Hugh G. Evelyn-White.
            Homeric Hymns</title>
          <publisher>Cambridge, MA.,Harvard University Press; London, William Heinemann
            Ltd.</publisher>
          <date>1914</date>
        </bibl>
      </sourceDesc>

    </fileDesc>

    <encodingDesc>
      <refsDecl n="CTS">
        <cRefPattern n="line"
          matchPattern="(\\w+)"
          replacementPattern="#xpath(/tei:TEI/tei:text/tei:body//tei:l[@n=\'$1\'])">
          <p>This pointer pattern extracts line</p>
        </cRefPattern>
      </refsDecl>
      <refsDecl>
        <refState unit="line"/>
      </refsDecl>
      <!--<refsDecl>
	<refState n="chunk" unit="card"/>
      </refsDecl>-->
    </encodingDesc>

    <profileDesc>
      <langUsage>
        <language ident="eng">English</language>
        <language ident="grc">Greek</language>
        <!-- <language ident="xgreek">Transliterated Greek</language> -->
      </langUsage>
    </profileDesc>

    <revisionDesc>
      <change when="1988-01-01" who="Bill Merrill">Text keyboarded in the Philippines.  Basic SGML tagging by Bill Merrill</change>
      <change when="1993-08-01" who="EM">Go over text, check cardbreaks, and change tags to be more TEI conformant.</change>
      <change when="2014-07-01" who="Stella Dee">split composite text and converted to unicode</change>  
      <change when="2014-10-01" who="Stella Dee">edited markup</change>
      <change when="2015-12-11" who="Lisa Cerrato">fixing titles and headers</change>
      <change when="2016-01-15" who="Lisa Cerrato">EpiDoc conversion and CTS related changes</change>
    </revisionDesc>

  </teiHeader>
  <text xml:lang="eng">
    <body>
      <div type="translation" xml:lang="eng" n="urn:cts:greekLit:tlg0013.tlg032.perseus-eng2">
      <head>To Selene</head>
      <milestone n="1" unit="card"/>
      <l n="1"><milestone unit="Para" ed="P"/>And next, sweet voiced Muses, daughters of Zeus, well-skilled in song, tell of the
          long-winged<note anchored="true" resp="ed">The epithet is a usual one for birds, cp.
          Hesiod, <title>Works and Days</title>, 210; as applied to Selene it may merely indicate
          her passage, like a bird, through the air, or mean “far-flying.”</note> Moon. From her
        immortal head a radiance is shown from heaven and embraces earth; and great is the beauty
        that ariseth </l>
      <l n="5">from her shining light. The air, unlit before, glows with the light of her golden
        crown, and her rays beam clear, whensoever bright Selene having bathed her lovely body in
        the waters of Ocean, and donned her far-gleaming raiment, and yoked her strong-necked,
        shining team, </l>
      <l n="10">drives on her long-maned horses at full speed, at eventime in the mid-month: then
        her great orbit is full and then her beams shine brightest as she increases. So she is a
        sure token and a sign to mortal men. </l>
        <l n="15"><milestone unit="Para" ed="P"/>Once the Son of Cronos was joined with her in love; and she conceived and bare a
          daughter Pandia, exceeding lovely amongst the deathless gods. <milestone unit="Para" ed="P"/>Hail, white-armed goddess,
        bright Selene, mild, bright-tressed queen! And now I will leave you and sing the glories of
        men half-divine, whose deeds minstrels, </l>
      <l n="20">the servants of the Muses, celebrate with lovely lips. </l>
      </div>
    </body>
  </text>
</TEI>
