<?xml version="1.0" encoding="UTF-8"?><?xml-model href="http://www.stoa.org/epidoc/schema/8.19/tei-epidoc.rng"
schematypens="http://relaxng.org/ns/structure/1.0"?><?xml-model href="http://www.stoa.org/epidoc/schema/8.19/tei-epidoc.rng"
schematypens="http://purl.oclc.org/dsdl/schematron"?><TEI xmlns="http://www.tei-c.org/ns/1.0">  
  <teiHeader>
    <fileDesc>
      <titleStmt>
        <title>Hymn 7 To Dionysus</title>
        
        <editor>Hugh G. Evelyn-White</editor>
        <sponsor>Perseus Project, Tufts University</sponsor>
        <principal>Gregory Crane</principal>
        <respStmt>
          <resp>Prepared under the supervision of</resp>
          <name>Lisa Cerrato</name>
          <name>William Merrill</name>
          <name>Elli Mylonas</name>
          <name>David Smith</name>
        </respStmt>
        <funder n="org:AnnCPB">The Annenberg CPB/Project</funder>

      </titleStmt>
      <publicationStmt>
        <publisher>Trustees of Tufts University</publisher>
        <pubPlace>Medford, MA</pubPlace>
        <authority>Perseus Project</authority>
      </publicationStmt>





      <sourceDesc>
        <bibl>
          <author>Anonymous</author>
          <title>The Homeric Hymns and Homerica with an English Translation by Hugh G. Evelyn-White.
            Homeric Hymns</title>
          <publisher>Cambridge, MA.,Harvard University Press; London, William Heinemann
            Ltd.</publisher>
          <date>1914</date>
        </bibl>
      </sourceDesc>

    </fileDesc>

    <encodingDesc>
      <refsDecl n="CTS">
        <cRefPattern n="line" matchPattern="(\\w+)" replacementPattern="#xpath(/tei:TEI/tei:text/tei:body//tei:l[@n=\'$1\'])">
          <p>This pointer pattern extracts line</p>
        </cRefPattern>
      </refsDecl>
      <refsDecl>
        <refState unit="line"/>
      </refsDecl>
      <!--<refsDecl>
	<refState n="chunk" unit="card"/>
      </refsDecl>-->    
    </encodingDesc>

    <profileDesc>
      <langUsage>
        <language ident="grc">Greek</language>
      </langUsage>
    </profileDesc>

    <revisionDesc>
      <change when="1988-01-01" who="Bill Merrill">Text keyboarded in the Philippines.  Basic SGML tagging by Bill Merrill</change>
      <change when="1993-08-01" who="EM">Go over text, check cardbreaks, and change tags to be more TEI conformant.</change>
      <change when="2014-07-01" who="Stella Dee">split composite text and converted to unicode</change>
      <change when="2014-08-01" who="Stella Dee">edited markup</change>
      <change when="2015-12-11" who="Lisa Cerrato">fixing titles and headers</change>
      <change when="2015-12-11" who="Lisa Cerrato">fixed incorrect text</change>
      <change when="2016-01-14" who="Lisa Cerrato">EpiDoc conversion and CTS related changes</change>
    </revisionDesc>

  </teiHeader>
  
  <text xml:lang="grc">
    <body>
      <div type="edition" xml:lang="grc" n="urn:cts:greekLit:tlg0013.tlg007.perseus-grc2">
      <head>Εἲς Διώνυσον</head>
    

        <milestone unit="card" n="1" ed="P"/>
        <l n="1"><milestone unit="Para" ed="P"/>ἀμφὶ Διώνυσον, Σεμέλης ἐρικυδέος υἱόν, </l>
          <l n="2">μνήσομαι, ὡς ἐφάνη παρὰ θῖν’ ἁλὸς ἀτρυγέτοιο </l>
          <l n="3">ἀκτῇ ἔπι προβλῆτι νεηνίῃ ἀνδρὶ ἐοικώς, </l>
          <l n="4">πρωθήβῃ·  καλαὶ δὲ περισσείοντο ἔθειραι, </l>
          <l n="5">κυάνεαι, φᾶρος δὲ περὶ στιβαροῖς ἔχεν ὤμοις </l>
          <l n="6">πορφύρεον·  τάχα δ’ ἄνδρες ἐυσσέλμου ἀπὸ νηὸς </l>
          <l n="7">ληισταὶ προγένοντο θοῶς ἐπὶ οἴνοπα πόντον, </l>
          <l n="8">Τυρσηνοί·  τοὺς δ’ ἦγε κακὸς μόρος·  οἳ δὲ ἰδόντες </l>
          <l n="9">νεῦσαν ἐς ἀλλήλους, τάχα δ’ ἔκθορον. αἶψα δ’ ἑλόντες </l>
          <l n="10">εἷσαν ἐπὶ σφετέρης νηὸς κεχαρημένοι ἦτορ. </l>
          <l n="11">υἱὸν γάρ μιν ἔφαντο διοτρεφέων βασιλήων </l>
          <l n="12">εἶναι καὶ δεσμοῖς ἔθελον δεῖν ἀργαλέοισι. </l>
          <l n="13">τὸν δ’ οὐκ ἴσχανε δεσμά, λύγοι δ’ ἀπὸ τηλόσε πῖπτον </l>
          <l n="14">χειρῶν ἠδὲ ποδῶν·  ὃ δὲ μειδιάων ἐκάθητο </l>
          <l n="15">ὄμμασι κυανέοισι·  κυβερνήτης δὲ νοήσας </l>
          <l n="16">αὐτίκα οἷς ἑτάροισιν ἐκέκλετο φώνησέν τε·  </l>
        
        <l n="17"><milestone unit="Para" ed="P"/><!--<milestone type="startquote"/>-->δαιμόνιοι, τίνα τόνδε θεὸν δεσμεύεθ’ ἑλόντες, </l>
          <l n="18">καρτερόν; οὐδὲ φέρειν δύναταί μιν νηῦς εὐεργής. </l>
          <l n="19">ἢ γὰρ Ζεὺς ὅδε γ’ ἐστὶν ἢ ἀργυρότοξος Ἀπόλλων </l>
          <l n="20">ἠὲ Ποσειδάων·  ἐπεὶ οὐ θνητοῖσι βροτοῖσιν </l>
          <l n="21">εἴκελος, ἀλλὰ θεοῖς, οἳ Ὀλύμπια δώματ’ ἔχουσιν. </l>
          <l n="22">ἀλλ’ ἄγετ᾽, αὐτὸν ἀφῶμεν ἐπ’ ἠπείροιο μελαίνης </l>
          <l n="23">αὐτίκα·  μηδ’ ἐπὶ χεῖρας ἰάλλετε, μή τι χολωθεὶς </l>
        <l n="24">ὄρσῃ ἔπ’ ἀργαλέους τ’ ἀνέμους καὶ λαίλαπα πολλήν.<!--<milestone type="endquote"/>--> </l>
        
          <l n="25"><milestone unit="Para" ed="P"/>Ὣς φάτο·  τὸν δ’ ἀρχὸς στυγερῷ ἠνίπαπε μύθῳ·  </l>
        <l n="26"><!--<milestone type="startquote"/>-->δαιμόνι᾽, οὖρον ὅρα, ἅμα δ’ ἱστίον ἕλκεο νηὸς </l>
          <l n="27">σύμπανθ’ ὅπλα λαβών·  ὅδε δ’ αὖτ’ ἄνδρεσσι μελήσει. </l>
          <l n="28">ἔλπομαι, ἢ Αἴγυπτον ἀφίξεται ἢ ὅ γε Κύπρον </l>
          <l n="29">ἢ ἐς Ὑπερβορέους ἢ ἑκαστέρω·  ἐς δὲ τελευτὴν </l>
          <l n="30">ἔκ ποτ’ ἐρεῖ αὐτοῦ τε φίλους καὶ κτήματα πάντα </l>
        <l n="31">οὕς τε κασιγνήτους, ἐπεὶ ἡμῖν ἔμβαλε δαίμων.<!--<milestone type="endquote"/>--></l>
          
        <milestone n="32" unit="card"/><l n="32"><milestone unit="Para" n="1" ed="P"/>ὣς εἰπὼν ἱστόν τε καὶ ἱστίον ἕλκετο νηός. </l>
          <l n="33">ἔμπνευσεν δ’ ἄνεμος μέσον ἱστίον·  ἀμφὶ δ’ ἄρ’ ὅπλα </l>
          <l n="34">καττάνυσαν·  τάχα δέ σφιν ἐφαίνετο θαυματὰ ἔργα. </l>
          <l n="35">οἶνος μὲν πρώτιστα θοὴν ἀνὰ νῆα μέλαιναν </l>
          <l n="36">ἡδύποτος κελάρυζ’ εὐώδης, ὤρνυτο δ’ ὀδμὴ </l>
          <l n="37">ἀμβροσίη·  ναύτας δὲ τάφος λάβε πάντας ἰδόντας. </l>
          <l n="38">αὐτίκα δ’ ἀκρότατον παρὰ ἱστίον ἐξετανύσθη </l>
          <l n="39">ἄμπελος ἔνθα καὶ ἔνθα, κατεκρημνῶντο δὲ πολλοὶ </l>
          <l n="40">βότρυες·  ἀμφ’ ἱστὸν δὲ μέλας εἱλίσσετο κισσός, </l>
          <l n="41">ἄνθεσι τηλεθάων, χαρίεις δ’ ἐπὶ καρπὸς ὀρώρει·  </l>
          <l n="42">πάντες δὲ σκαλμοὶ στεφάνους ἔχον·  οἳ δὲ ἰδόντες, </l>
          <l n="43">νῆ’ ἤδη τότ’ ἔπειτα κυβερνήτην ἐκέλευον </l>
          <l n="44">γῇ πελάαν·  ὃ δ’ ἄρα σφι λέων γένετ’ ἔνδοθι νηὸς </l>
          <l n="45">δεινὸς ἐπ’ ἀκροτάτης, μέγα δ’ ἔβραχεν, ἐν δ’ ἄρα μέσσῃ </l>
          <l n="46">ἄρκτον ἐποίησεν λασιαύχενα, σήματα φαίνων·  </l>
          <l n="47">ἂν δ’ ἔστη μεμαυῖα·  λέων δ’ ἐπὶ σέλματος ἄκρου </l>
          <l n="48">δεινὸν ὑπόδρα ἰδών·  οἳ δ’ ἐς πρύμνην ἐφόβηθεν, </l>
          <l n="49">ἀμφὶ κυβερνήτην δὲ σαόφρονα θυμὸν ἔχοντα </l>
          <l n="50">ἔσταν ἄρ’ ἐκπληγέντες·  ὃ δ’ ἐξαπίνης ἐπορούσας </l>
          <l n="51">ἀρχὸν ἕλ᾽, οἳ δὲ θύραζε κακὸν μόρον ἐξαλύοντες </l>
          <l n="52">πάντες ὁμῶς πήδησαν, ἐπεὶ ἴδον, εἰς ἅλα δῖαν, </l>
          <l n="53">δελφῖνες δ’ ἐγένοντο·  κυβερνήτην δ’ ἐλεήσας </l>
          <l n="54">ἔσχεθε καί μιν ἔθηκε πανόλβιον εἶπέ τε μῦθον·  </l>
        <l n="55"><milestone unit="Para" n="1" ed="P"/><!--<milestone type="startquote"/>--> θάρσει, †δῖε κάτωρ†, τῷ ἐμῷ κεχαρισμένε θυμῷ·  </l>
          <l n="56">εἰμὶ δ’ ἐγὼ Διόνυσος ἐρίβρομος, ὃν τέκε μήτηρ </l>
        <l n="57">Καδμηὶς Σεμέλη Διὸς ἐν φιλότητι μιγεῖσα. <!--<milestone type="endquote"/>--> </l>
          <l n="58"><milestone unit="Para" n="1" ed="P"/>χαῖρε, τέκος Σεμέλης εὐώπιδος·  οὐδέ πη ἔστι </l>
          <l n="59">σεῖό γε ληθόμενον γλυκερὴν κοσμῆσαι ἀοιδήν.</l>
      
      </div>
    </body>
  </text>
</TEI>