<?xml version="1.0" encoding="UTF-8"?><?xml-model href="http://www.stoa.org/epidoc/schema/8.19/tei-epidoc.rng"
schematypens="http://relaxng.org/ns/structure/1.0"?><?xml-model href="http://www.stoa.org/epidoc/schema/8.19/tei-epidoc.rng"
schematypens="http://purl.oclc.org/dsdl/schematron"?><TEI xmlns="http://www.tei-c.org/ns/1.0">
  <teiHeader>
    <fileDesc>
      <titleStmt>
        <title>Hymn 3 To Apollo</title>
        
        <editor>Hugh G. Evelyn-White</editor>
        <sponsor>Perseus Project, Tufts University</sponsor>
        <principal>Gregory Crane</principal>
        <respStmt>
          <resp>Prepared under the supervision of</resp>
          <name>Lisa Cerrato</name>
          <name>William Merrill</name>
          <name>Elli Mylonas</name>
          <name>David Smith</name>
        </respStmt>
        <funder n="org:AnnCPB">The Annenberg CPB/Project</funder>

      </titleStmt>
      <publicationStmt>
        <publisher>Trustees of Tufts University</publisher>
        <pubPlace>Medford, MA</pubPlace>
        <authority>Perseus Project</authority>
      </publicationStmt>

      <sourceDesc>
        <bibl>
          <author>Anonymous</author>
          <title>The Homeric Hymns and Homerica with an English Translation by Hugh G. Evelyn-White.
            Homeric Hymns</title>
          <publisher>Cambridge, MA.,Harvard University Press; London, William Heinemann
            Ltd.</publisher>
          <date>1914</date>
        </bibl>
      </sourceDesc>

    </fileDesc>

    <encodingDesc>
      <refsDecl n="CTS">
        <cRefPattern n="line" matchPattern="(\\w+)" replacementPattern="#xpath(/tei:TEI/tei:text/tei:body//tei:l[@n=\'$1\'])">
          <p>This pointer pattern extracts line</p>
        </cRefPattern>
      </refsDecl>
      <refsDecl>
        <refState unit="line"/>
      </refsDecl>
      <!--<refsDecl>
	<refState n="chunk" unit="card"/>
      </refsDecl>-->
    </encodingDesc>

    <profileDesc>
      <langUsage>
        <language ident="grc">Greek</language>
        <language ident="eng">English</language>
      </langUsage>
    </profileDesc>

    <revisionDesc>
      <change when="1988-01-01" who="Bill Merrill">Text keyboarded in the Philippines.  Basic SGML tagging by Bill Merrill</change>
      <change when="1993-08-01" who="EM">Go over text, check cardbreaks, and change tags to be more TEI conformant.</change>
      <change when="2014-07-01" who="Stella Dee">split composite text and converted to unicode</change>
      <change when="2014-08-01" who="Stella Dee">edited markup</change>
      <change when="2015-12-11" who="Lisa Cerrato">fixing titles and headers</change>
      <change when="2016-01-06" who="Lisa Cerrato">EpiDoc conversion and CTS related changes</change>
    </revisionDesc>

  </teiHeader>
  <text xml:lang="grc">
    <body>
      <div type="edition" xml:lang="grc" n="urn:cts:greekLit:tlg0013.tlg003.perseus-grc2">
        <div type="textpart"><head>Εἲς Ἀπόλλωνα [Δήλιον]</head>
          <milestone unit="card" n="1" ed="P"/>
          <l n="1"><milestone unit="Para" ed="P"/>μνήσομαι οὐδὲ λάθωμαι Ἀπόλλωνος ἑκάτοιο, </l>
          <l n="2">ὅντε θεοὶ κατὰ δῶμα Διὸς τρομέουσιν ἰόντα· </l>
          <l n="3">καί ῥά τʼ ἀναΐσσουσιν ἐπὶ σχεδὸν ἐρχομένοιο </l>
          <l n="4">πάντες ἀφʼ ἑδράων, ὅτε φαίδιμα τόξα τιταίνει. </l>
        <l n="5">Λητὼ δʼ οἴη μίμνε παραὶ Διὶ τερπικεραύνῳ, </l>
        <l n="6">ἥ ῥα βιόν τʼ ἐχάλασσε καὶ ἐκλήισσε φαρέτρην, </l>
        <l n="7">καί οἱ ἀπʼ ἰφθίμων ὤμων χείρεσσιν ἑλοῦσα </l>
        <l n="8">τόξα κατεκρέμασε πρὸς κίονα πατρὸς ἑοῖο </l>
        <l n="9">πασσάλου ἐκ χρυσέου· τὸν δʼ ἐς θρόνον εἷσεν ἄγουσα. </l>
        <l n="10">τῷ δʼ ἄρα νέκταρ ἔδωκε πατὴρ δέπαϊ χρυσείῳ </l>
        <l n="11">δεικνύμενος φίλον υἱόν· ἔπειτα δὲ δαίμονες ἄλλοι </l>
        <l n="12">ἔνθα καθίζουσιν· χαίρει δέ τε πότνια Λητώ, </l>
        <l n="13">οὕνεκα τοξοφόρον καὶ καρτερὸν υἱὸν ἔτικτε. </l>
        <l n="14">χαῖρε, μάκαιρʼ ὦ Λητοῖ, ἐπεὶ τέκες ἀγλαὰ τέκνα, </l>
        <l n="15">Ἀπόλλωνά τʼ ἄνακτα καὶ Ἄρτεμιν ἰοχέαιραν, </l>
        <l n="16">τὴν μὲν ἐν Ὀρτυγίῃ, τὸν δὲ κραναῇ ἐνὶ Δήλῳ, </l>
        <l n="17">κεκλιμένη πρὸς μακρὸν ὄρος καὶ Κύνθιον ὄχθον, </l>
        <l n="18">ἀγχοτάτω φοίνικος, ἐπʼ Ἰνωποῖο ῥεέθροις. </l>
        <sp>
          <l n="19"><milestone unit="Para" ed="P"/>πῶς τʼ ἄρ σʼ ὑμνήσω πάντως εὔυμνον ἐόντα; </l>
          <l n="20">πάντη γάρ τοι, Φοῖβε, νόμοι βεβλήατʼ ἀοιδῆς, </l>
          <l n="21">ἠμὲν ἀνʼ ἤπειρον πορτιτρόφον ἠδʼ ἀνὰ νήσους· </l>
          <l n="22">πᾶσαι δὲ σκοπιαί τοι ἅδον καὶ πρώονες ἄκροι </l>
          <l n="23">ὑψηλῶν ὀρέων ποταμοί θʼ ἅλαδε προρέοντες </l>
          <l n="24">ἀκταί τʼ εἰς ἅλα κεκλιμέναι λιμένες τε θαλάσσης. </l>
        </sp>

        <l n="25">ἦ ὥς σε πρῶτον Λητὼ τέκε, χάρμα βροτοῖσι, </l>
        <l n="26">κλινθεῖσα πρὸς Κύνθου ὄρος κραναῇ ἐνὶ νήσῳ, </l>
        <l n="27">Δήλῳ ἐν ἀμφιρύτῃ; ἑκάτερθε δὲ κῦμα κελαινὸν </l>
        <l n="28">ἐξῄει χέρσονδε λιγυπνοίοις ἀνέμοισιν, </l>
        <l n="29">ἔνθεν ἀπορνύμενος πᾶσι θνητοῖσιν ἀνάσσεις. </l>
        <l n="30"><milestone unit="Para" ed="P"/>ὅσσους Κρήτη τʼ ἐντὸς ἔχει καὶ δῆμος Ἀθηνῶν </l>
        <l n="31">νῆσός τʼ Αἰγίνη ναυσικλειτή τʼ Εὔβοια, </l>
        <l n="32">Αἰγαί, Πειρεσίαι τε καὶ ἀγχιάλη Πεπάρηθος </l>
        <l n="33">Θρηίκιός τʼ Ἀθόως καὶ Πηλίου ἄκρα κάρηνα </l>
        <l n="34">Θρηικίη τε Σάμος Ἴδης τʼ ὄρεα σκιόεντα, </l>
        <l n="35">Σκῦρος καὶ Φώκαια καὶ Αὐτοκάνης ὄρος αἰπύ, </l>
        <l n="36">Ἴμβρος τʼ εὐκτιμένη καὶ Λῆμνος ἀμιχθαλόεσσα </l>
        <l n="37">Λέσβος τʼ ἠγαθέη, Μάκαρος ἕδος Αἰολίωνος, </l>
        <l n="38">καὶ Χίος, ἣ νήσων λιπαρωτάτη εἰν ἁλὶ κεῖται, </l>
        <l n="39">παιπαλόεις τε Μίμας καὶ Κωρύκου ἄκρα κάρηνα </l>
        <l n="40">καὶ Κλάρος αἰγλήεσσα καὶ Αἰσαγέης ὄρος αἰπὺ </l>
        <l n="41">καὶ Σάμος ὑδρηλὴ Μυκάλης τʼ αἰπεινὰ κάρηνα </l>
        <l n="42">Μίλητός τε Κόως τε, πόλις Μερόπων ἀνθρώπων, </l>
        <l n="43">καὶ Κνίδος αἰπεινὴ καὶ Κάρπαθος ἠνεμόεσσα </l>
        <l n="44">Νάξος τʼ ἠδὲ Πάρος Ῥήναιά τε πετρήεσσα, </l>
        <l n="45">τόσσον ἔπʼ ὠδίνουσα Ἑκηβόλον ἵκετο Λητώ, </l>
        <l n="46">εἴ τίς οἱ γαιέων υἱεῖ θέλοι οἰκία θέσθαι. <milestone unit="card" n="47" ed="P"/>
        </l>
        <l n="47">αἳ δὲ μάλʼ ἐτρόμεον καὶ ἐδείδισαν, οὐδέ τις ἔτλη </l>
        <l n="48">Φοῖβον δέξασθαι, καὶ πιοτέρη περ ἐοῦσα· </l>
        <l n="49">πρίν γʼ ὅτε δή ῥʼ ἐπὶ Δήλου ἐβήσατο πότνια Λητὼ </l>
        <l n="50">καί μιν ἀνειρομένη ἔπεα πτερόεντα προσηύδα· </l>
        
          <l n="51"><milestone unit="Para" ed="P"/><!-- <milestone type="startquote" -->δῆλʼ, εἰ γάρ κʼ ἐθέλοις ἕδος ἔμμεναι υἷος ἐμοῖο, </l>
          <l n="52">Φοίβου Ἀπόλλωνος, θέσθαι τʼ ἔνι πίονα νηόν, — </l>
          <l n="53">ἄλλος δʼ οὔτις σεῖό ποθʼ ἅψεται, οὐδέ σε λήσει· </l>
          <l n="54">οὐδʼ εὔβων σέ γʼ ἔσεσθαι ὀίομαι οὔτʼ εὔμηλον, </l>
          <l n="55">οὐδὲ τρύγην οἴσεις οὔτʼ ἂρ φυτὰ μυρία φύσεις. </l>
          <l n="56">εἰ δέ κʼ Ἀπόλλωνος ἑκαέργου νηὸν ἔχῃσθα, </l>
          <l n="57">ἄνθρωποί τοι πάντες ἀγινήσουσʼ ἑκατόμβας </l>
          <l n="58">ἐνθάδʼ ἀγειρόμενοι, κνίσση δέ τοι ἄσπετος αἰεὶ </l>
          <l n="59">δημοῦ ἀναΐξει βοσκήσεις θʼ οἵ κέ σʼ ἔχωσι </l>
          <l n="60">χειρὸς ἀπʼ ἀλλοτρίης, ἐπεὶ οὔ τοι πῖαρ ὑπʼ οὖδας.<!-- <milestone type="endquote" --></l>
        

        <l n="61"><milestone unit="Para" ed="P"/>ὣς φάτο· χαῖρε δὲ Δῆλος, ἀμειβομένη δὲ προσηύδα· </l>
       <l n="62"><milestone unit="Para" ed="P"/><!-- <milestone type="startquote" -->Λητοῖ, κυδίστη θύγατερ μεγάλου Κοίοιο, </l>
          <l n="63">ἀσπασίη κεν ἐγώ γε γονὴν ἑκάτοιο ἄνακτος </l>
          <l n="64">δεξαίμην· αἰνῶς γὰρ ἐτήτυμόν εἰμι δυσηχὴς </l>
          <l n="65">ἀνδράσιν· ὧδε δέ κεν περιτιμήεσσα γενοίμην. </l>
          <l n="66">ἀλλὰ τόδε τρομέω, Λητοῖ, ἔπος, οὐδέ σε κεύσω· </l>
          <l n="67">λίην γάρ τινά φασιν ἀτάσθαλον Ἀπόλλωνα </l>
          <l n="68">ἔσσεσθαι, μέγα δὲ πρυτανευσέμεν ἀθανάτοισι </l>
          <l n="69">καὶ θνητοῖσι βροτοῖσιν ἐπὶ ζείδωρον ἄρουραν. </l>
          <l n="70">τῷ ῥʼ αἰνῶς δείδοικα κατὰ φρένα καὶ κατὰ θυμόν, </l>
          <l n="71">μή, ὁπότʼ ἂν τὸ πρῶτον ἴδῃ φάος ἠελίοιο, </l>
          <l n="72">νῆσον ἀτιμήσας, ἐπεὶ ἦ κραναήπεδός εἰμι, </l>
          <l n="73">ποσσὶ καταστρέψας ὤσῃ ἁλὸς ἐν πελάγεσσιν, </l>
          <l n="74">ἔνθʼ ἐμὲ μὲν μέγα κῦμα κατὰ κρατὸς ἅλις αἰεὶ </l>
          <l n="75">κλύσσει· ὃ δʼ ἄλλην γαῖαν ἀφίξεται, ἥ κεν ἅδῃ οἱ, </l>
          <l n="76">τεύξασθαι νηόν τε καὶ ἄλσεα δενδρήεντα· </l>
          <l n="77">πουλύποδες δʼ ἐν ἐμοὶ θαλάμας φῶκαί τε μέλαιναι </l>
          <l n="78">οἰκία ποιήσονται ἀκηδέα, χήτεϊ λαῶν. </l>
          <l n="79">ἀλλʼ εἴ μοι τλαίης γε, θεά, μέγαν ὅρκον ὀμόσσαι, </l>
          <l n="80">ἐνθάδε μιν πρῶτον τεύξειν περικαλλέα νηὸν </l>
          <l n="81">ἔμμεναι ἀνθρώπων χρηστήριον, αὐτὰρ ἔπειτα </l>
          <l n="81a"> [<supplied reason="lost">τεύξασθαι νηούς τε καὶ ἄλσεα δενδρηέντα<note resp="ed" xml:lang="eng">Allen.</note></supplied>]</l>
          <l n="82">πάντας ἐπʼ ἀνθρώπους, ἐπεὶ ἦ πολυώνυμος ἔσται.<!-- <milestone type="endquote" --></l>
        <l n="83"><milestone unit="Para" ed="P"/>ὣς ἄρ ἔφη· Λητὼ δὲ θεῶν μέγαν ὅρκον ὄμοσσε· </l>
        <l n="84"><!-- <milestone type="startquote" -->ἴστω νῦν τάδε Γαῖα καὶ Οὐρανὸς εὐρὺς ὕπερθεν </l>
          <l n="85">καὶ τὸ κατειβόμενον Στυγὸς ὕδωρ, ὅστε μέγιστος </l>
          <l n="86">ὅρκος δεινότατός τε πέλει μακάρεσσι θεοῖσιν· </l>
          <l n="87">ἦ μὴν Φοίβου τῇδε θυώδης ἔσσεται αἰεὶ </l>
          <l n="88">βωμὸς καὶ τέμενος, τίσει δέ σέ γʼ ἔξοχα πάντων.<!-- <milestone type="endquote" --></l>

        <milestone unit="card" n="89" ed="P"/>
        <l n="89"><milestone unit="Para" ed="P"/>αὐτὰρ ἐπεί ῥʼ ὄμοσέν τε τελεύτησέν τε τὸν ὅρκον, </l>
        <l n="90">Δῆλος μὲν μάλα χαῖρε γονῇ ἑκάτοιο ἄνακτος· </l>
        <l n="91">Λητὼ δʼ ἐννῆμάρ τε καὶ ἐννέα νύκτας ἀέλπτοις </l>
        <l n="92">ὠδίνεσσι πέπαρτο. θεαὶ δʼ ἔσαν ἔνδοθι πᾶσαι, </l>
        <l n="93">ὅσσαι ἄρισται ἔασι, Διώνη τε Ῥείη τε </l>
        <l n="94">Ἰχναίη τε Θέμις καὶ ἀγάστονος Ἀμφιτρίτη </l>
        <l n="95"> ἄλλαι τʼ ἀθάναται νόσφιν λευκωλένου Ἥρης· </l>
        <l n="96">ἧστο γὰρ ἐν μεγάροισι Διὸς νεφεληγερέταο· </l>
        <l n="97">μούνη δʼ οὐκ ἐπέπυστο μογοστόκος Εἰλείθυια· </l>
        <l n="98">ἧστο γὰρ ἄκρῳ Ὀλύμπῳ ὑπὸ χρυσέοισι νέφεσσιν, </l>
        <l n="99">Ἥρης φραδμοσύνης λευκωλένου, ἥ μιν ἔρυκε </l>
        <l n="100">ζηλοσύνῃ, ὅτʼ ἄρʼ υἱὸν ἀμύμονά τε κρατερόν τε </l>
        <l n="101">Λητὼ τέξεσθαι καλλιπλόκαμος τότʼ ἔμελλεν. </l>
        <l n="102"><milestone unit="Para" ed="P"/>αἳ δʼ Ἶριν προὔπεμψαν ἐυκτιμένης ἀπὸ νήσου, </l>
        <l n="103">ἀξέμεν Εἰλείθυιαν, ὑποσχόμεναι μέγαν ὅρμον, </l>
        <l n="104">χρυσείοισι λίνοισιν ἐερμένον, ἐννεάπηχυν· </l>
        <l n="105">νόσφιν δʼ ἤνωγον καλέειν λευκωλένου Ἥρης, </l>
        <l n="106">νή μιν ἔπειτʼ ἐπέεσσιν ἀποστρέψειεν ἰοῦσαν. </l>
        <l n="107">αὐτὰρ ἐπεὶ τό γʼ ἄκουσε ποδήνεμος ὠκέα Ἶρις, </l>
        <l n="108">βῆ ῥα θέειν, ταχέως δὲ διήνυσε πᾶν τὸ μεσηγύ. </l>
        <l n="109">αὐτὰρ ἐπεί ῥʼ ἵκανε θεῶν ἕδος, αἰπὺν Ὄλυμπον, </l>
        <l n="110">αὐτίκʼ ἄρʼ Εἰλείθυιαν ἀπὲκ μεγάροιο θύραζε </l>
        <l n="111">ἐκπροκαλεσσαμένη ἔπεα πτερόεντα προσηύδα, </l>
        <l n="112">πάντα μάλʼ, ὡς ἐπέτελλον Ὀλύμπια δώματʼ ἔχουσαι. </l>
        <l n="113">τῇ δʼ ἄρα θυμὸν ἔπειθεν ἐνὶ στήθεσσι φίλοισι· </l>
        <l n="114">βὰν δὲ ποσὶ τρήρωσι πελειάσιν ἴθμαθʼ ὁμοῖαι. </l>
        <l n="115"><milestone unit="Para" ed="P"/>εὖτʼ ἐπὶ Δήλου ἔβαινε μογοστόκος Εἰλείθυια, </l>
        <l n="116">δὴ τότε τὴν τόκος εἷλε, μενοίνησεν δὲ τεκέσθαι. </l>
        <l n="117">ἀμφὶ δὲ φοίνικι βάλε πήχεε, γοῦνα δʼ ἔρεισε </l>
        <l n="118">λειμῶνι μαλακῷ· μείδησε δὲ γαῖʼ ὑπένερθεν· </l>
        <l n="119">ἐκ δʼ ἔθορε πρὸ φόωσδε· θεαὶ δʼ ὀλόλυξαν ἅπασαι. </l>
        

          <l n="120"><milestone unit="Para" ed="P"/>ἔνθα σέ, ἤιε Φοῖβε, θεαὶ λόον ὕδατι καλῷ </l>
          <l n="121">ἁγνῶς καὶ καθαρῶς, σπάρξαν δʼ ἐν φάρεϊ λευκῷ, </l>
          <l n="122">λεπτῷ, νηγατέῳ· περὶ δὲ χρύσεον στρόφον ἧκαν. </l>
          <l n="123"><milestone unit="Para" ed="P"/>οὐδʼ ἄρʼ Ἀπόλλωνα χρυσάορα θήσατο μήτηρ, </l>
          <l n="124">ἀλλὰ Θέμις νέκταρ τε καὶ ἀμβροσίην ἐρατεινὴν </l>
          <l n="125">ἀθανάτῃσιν χερσὶν ἐπήρξατο· χαῖρε δὲ Λητώ, </l>
          <l n="126">οὕνεκα τοξοφόρον καὶ καρτερὸν υἱὸν ἔτικτεν. </l>
          <l n="127">αὐτὰρ ἐπεὶ δή, Φοῖβε, κατέβρως ἄμβροτον εἶδαρ, </l>
          <l n="128">οὔ σέ γʼ ἔπειτʼ ἴσχον χρύσεοι στρόφοι ἀσπαίροντα, </l>
          <l n="129">οὐδʼ ἔτι δέσματʼ ἔρυκε, λύοντο δὲ πείρατα πάντα. </l>
          <l n="130">αὐτίκα δʼ ἀθανάτῃσι μετηύδα Φοῖβος Ἀπόλλων·</l>
          <milestone unit="card" n="131" ed="P"/>
           <l n="131"><milestone unit="Para" ed="P"/><!-- <milestone type="startquote"> -->εἴη μοι κίθαρίς τε φίλη καὶ καμπύλα τόξα, </l>
        <l n="132">χρήσω δʼ ἀνθρώποισι Διὸς νημερτέα βουλήν.<!-- <milestone type="endquote"> --></l>
        

        <l n="133"><milestone unit="Para" ed="P"/>ὣς εἰπὼν ἐβίβασκεν ἐπὶ χθονὸς εὐρυοδείης </l>
        <l n="134">Φοῖβος ἀκερσεκόμης, ἑκατηβόλος· αἳ δʼ ἄρα πᾶσαι </l>
        <l n="135">θάμβεον ἀθάναται· χρυσῷ δʼ ἄρα Δῆλος ἅπασα </l>
        <l n="136">[<surplus reason="intrusive">βεβρίθει, καθορῶσα Διὸς Λητοὺς τε γενέθλην,</surplus></l>
          <l n="137"><surplus reason="intrusive">γηθοσύνῃ, ὅτι μιν θεὸς εἵλετο οἰκία θέσθαι</surplus></l>
          <l n="138"><surplus reason="intrusive">νήσων ἠπείρου τε, φίλησε δὲ κηρόθι μᾶλλον.</surplus><note resp="ed" xml:lang="eng">ll. 136-8 are instrusive, being alternative for l. 139. They
              are found in Π and the edition of Stephanus (in text), and in the margin of the ETL
              (with the note “in another copy these verses are also extant”). In D they are added by a second hand.</note>]</l>
        <l n="139">ἤνθησʼ, ὡς ὅτε τε ῥίον οὔρεος ἄνθεσιν ὕλης. </l>
        <l n="140"><milestone unit="Para" ed="P"/>αὐτὸς δʼ, ἀργυρότοξε, ἄναξ ἑκατηβόλʼ Ἄπολλον, </l>
        <l n="141">ἄλλοτε μέν τʼ ἐπὶ Κύνθου ἐβήσαο παιπαλόεντος, </l>
        <l n="142">ἄλλοτε δʼ ἂν νήσους τε καὶ ἀνέρας ἠλάσκαζες. </l>
        <l n="143">πολλοί τοι νηοί τε καὶ ἄλσεα δενδρήεντα· </l>
        <l n="144">πᾶσαι δὲ σκοπιαί τε φίλαι καὶ πρώονες ἄκροι </l>
        <l n="145">ὑψηλῶν ὀρέων ποταμοί θʼ ἅλαδε προρέοντες· </l>
        <l n="146">ἀλλὰ σὺ Δήλῳ, Φοῖβε, μάλιστʼ ἐπιτέρπεαι ἦτορ, </l>
        <l n="147">ἔνθα τοι ἑλκεχίτωνες Ἰάονες ἠγερέθονται </l>
        <l n="148">αὐτοῖς σὺν παίδεσσι καὶ αἰδοίῃς ἀλόχοισιν. </l>
        <l n="149">οἱ δέ σε πυγμαχίῃ τε καὶ ὀρχηθμῷ καὶ ἀοιδῇ </l>
        <l n="150">μνησάμενοι τέρπουσιν, ὅτʼ ἄν στήσωνται ἀγῶνα. </l>
        <l n="151">φαίη κʼ ἀθανάτους καὶ ἀγήρως ἔμμεναι αἰεί, </l>
        <l n="152">ὃς τόθʼ ὑπαντιάσειʼ, ὅτʼ Ἰάονες ἀθρόοι εἶεν· </l>
        <l n="153">πάντων γάρ κεν ἴδοιτο χάριν, τέρψαιτο δὲ θυμὸν </l>
        <l n="154">ἄνδρας τʼ εἰσορόων καλλιζώνους τε γυναῖκας </l>
        <l n="155">νῆάς τʼ ὠκείας ἠδʼ αὐτῶν κτήματα πολλά. </l>
        <l n="156">πρὸς δὲ τόδε μέγα θαῦμα, ὅου κλέος οὔποτʼ ὀλεῖται, </l>
        <l n="157">κοῦραι Δηλιάδες, ἑκατηβελέταο θεράπναι· </l>
        <l n="158">αἵ τʼ ἐπεὶ ἂρ πρῶτον μὲν Ἀπόλλωνʼ ὑμνήσωσιν, </l>
        <l n="159">αὖτις δʼ αὖ Λητώ τε καὶ Ἄρτεμιν ἰοχέαιραν, </l>
        <l n="160">μνησάμεναι ἀνδρῶν τε παλαιῶν ἠδὲ γυναικῶν </l>
        <l n="161">ὕμνον ἀείδουσιν, θέλγουσι δὲ φῦλʼ ἀνθρώπων. </l>
        <l n="162">πάντων δʼ ἀνθρώπων φωνὰς καὶ βαμβαλιαστὺν </l>
        <l n="163">μιμεῖσθʼ ἴσασιν· φαίη δέ κεν αὐτὸς ἕκαστος </l>
        <l n="164">φθέγγεσθʼ· οὕτω σφιν καλὴ συνάρηρεν ἀοιδή. </l>
          <l n="165"><milestone unit="Para" ed="P"/>ἀλλʼ ἄγεθʼ ἱλήκοι μὲν Ἀπόλλων Ἀρτέμιδι ξύν, </l>
          <l n="166">χαίρετε δʼ ὑμεῖς πᾶσαι· ἐμεῖο δὲ καὶ μετόπισθεν </l>
          <l n="167">μνήσασθʼ, ὁππότε κέν τις ἐπιχθονίων ἀνθρώπων </l>
          <l n="168">ἐνθάδ’ ἀνείρηται ξεῖνος ταλαπείριος ἐλθών· </l>
        <l n="169"><!-- <milestone type="startquote"> -->ὦ κοῦραι, τίς δʼ ὔμμιν ἀνὴρ ἥδιστος ἀοιδῶν </l>
        <l n="170">ἐνθάδε πωλεῖται, καὶ τέῳ τέρπεσθε μάλιστα;<!-- <milestone type="endquote"> --></l>
          <l n="171">ὑμεῖς δʼ εὖ μάλα πᾶσαι ὑποκρίνασθαι ἀφήμως· </l>
        <l n="172"><!-- <milestone type="startquote"> -->τυφλὸς ἀνήρ, οἰκεῖ δὲ Χίῳ ἔνι παιπαλοέσσῃ </l>
        <l n="173">τοῦ πᾶσαι μετόπισθεν ἀριστεύσουσιν ἀοιδαί.<!-- <milestone type="endquote"> --></l>
          <l n="174">ἡμεῖς δʼ ὑμέτερον κλέος οἴσομεν, ὅσσον ἐπʼ αἶαν </l>
          <l n="175">ἀνθρώπων στρεφόμεσθα πόλεις εὖ ναιεταώσας· </l>
          <l n="176">οἳ δʼ ἐπὶ δὴ πείσονται, ἐπεὶ καὶ ἐτήτυμόν ἐστιν. </l>
          <l n="177">αὐτὰρ ἐγὼν οὐ λήξω ἑκηβόλον Ἀπόλλωνα </l>
          <l n="178">ὑμνέων ἀργυρότοξον, ὃν ἠύκομος τέκε Λητώ. </l></div>
        
 
  <div type="textpart"><head>[Εἲς Ἀπόλλωνα Πύθιον]</head>
        <milestone unit="card" n="179" ed="P"/><sp>
          <l n="179"><milestone unit="Para" ed="P"/>ὦ ἄνα, καὶ Λυκίην καὶ Μῃονίην ἐρατεινὴν </l>
          <l n="180">καὶ Μίλητον ἔχεις, ἔναλον πόλιν ἱμερόεσσαν, </l>
          <l n="181">αὐτὸς δʼ αὖ Δήλοιο περικλύστοιο μέγʼ ἀνάσσεις. </l>
        </sp>

        <l n="182"><milestone unit="Para" ed="P"/>εἶσι δὲ φορμίζων Λητοῦς ἐρικυδέος υἱὸς </l>
        <l n="183">φόρμιγγι γλαφυρῇ πρὸς Πυθὼ πετρήεσσαν, </l>
        <l n="184">ἄμβροτα εἵματʼ ἔχων τεθυωμένα· τοῖο δὲ φόρμιγξ </l>
        <l n="185">χρυσέου ὑπὸ πλήκτρου καναχὴν ἔχει ἱμερόεσσαν. </l>
        <l n="186">ἔνθεν δὲ πρὸς Ὄλυμπον ἀπὸ χθονός, ὥστε νόημα, </l>
        <l n="187">εἶσι Διὸς πρὸς δῶμα θεῶν μεθʼ ὁμήγυριν ἄλλων. </l>
        <l n="188">αὐτίκα δʼ ἀθανάτοισι μέλει κίθαρις καὶ ἀοιδή· </l>
        <l n="189">Μοῦσαι μέν θʼ ἅμα πᾶσαι ἀμειβόμεναι ὀπὶ καλῇ </l>
        <l n="190">ὑμνεῦσίν ῥα θεῶν δῶρʼ ἄμβροτα ἠδʼ ἀνθρώπων </l>
        <l n="191">τλημοσύνας, ὅσʼ ἔχοντες ὑπʼ ἀθανάτοισι θεοῖσι </l>
        <l n="192">ζώουσʼ ἀφραδέες καὶ ἀμήχανοι, οὐδὲ δύνανται </l>
        <l n="193">εὑρέμεναι θανάτοιό τʼ ἄκος καὶ γήραος ἄλκαρ· </l>
        <l n="194">αὐτὰρ ἐυπλόκαμοι Χάριτες καὶ ἐύφρονες Ὧραι </l>
        <l n="195">Ἁρμονίη θʼ Ἥβη τε Διὸς θυγάτηρ τʼ Ἀφροδίτη </l>
        <l n="196">ὀρχεῦντʼ ἀλλήλων ἐπὶ καρπῷ χεῖρας ἔχουσαι· </l>
        <l n="197">τῇσι μὲν οὔτʼ αἰσχρὴ μεταμέλπεται οὔτʼ ἐλάχεια, </l>
        <l n="198">ἀλλὰ μάλα μεγάλη τε ἰδεῖν καὶ εἶδος ἀγητή, </l>
        <l n="199">Ἄρτεμις ἰοχέαιρα ὁμότροφος Ἀπόλλωνι. </l>
        <l n="200">ἐν δʼ αὖ τῇσιν Ἄρης καὶ ἐύσκοπος Ἀργειφόντης </l>
        <l n="201">παίζουσʼ· αὐτὰρ ὁ Φοῖβος Αʼπόλλων ἐγκιθαρίζει </l>
        <l n="202">καλὰ καὶ ὕψι βιβάς· αἴγλη δέ μιν ἀμφιφαείνει </l>
        <l n="203">μαρμαρυγαί τε ποδῶν καὶ ἐυκλώστοιο χιτῶνος. </l>
        <l n="204">οἳ δʼ ἐπιτέρπονται θυμὸν μέγαν εἰσορόωντες </l>
        <l n="205">Λητώ τε χρυσοπλόκαμος καὶ μητίετα Ζεὺς </l>
        <l n="206">υἷα φίλον παίζοντα μετʼ ἀθανάτοισι θεοῖσι. </l>
        <sp>
          <l n="207"><milestone unit="Para" ed="P"/>πῶς τʼ ἄρ σʼ ὑμνήσω πάντως εὔυμνον ἐόντα; </l>
          <l n="208">ἠέ σʼ ἐνὶ μνηστῆρσιν ἀείδω καὶ φιλότητι, </l>
          <l n="209">ὅππως μνωόμενος ἔκιες Ἀζαντίδα κούρην </l>
          <l n="210">Ἴσχυʼ ἅμʼ ἀντιθέῳ Ἐλατιονίδη εὐίππῳ; </l>
          <l n="211">ἢ ἅμα Θόρβαντι Τριοπέῳ γένος, ἢ ἅμʼ Ἐρευθεῖ; </l>
          <l n="212">ἢ ἅμα Λευκίππῳ καὶ Λευκίπποιο δάμαρτι </l>
          <l n="213"><gap reason="lost"/>πεζός, ὃ δʼ ἵπποισιν· οὐ μὴν Τρίοπός γʼ ἐνέλειπεν. </l>
          <l n="214">ἢ ὡς τὸ πρῶτον χρηστήριον ἀνθρώποισι </l>
          <l n="215">ζητεύων κατὰ γαῖαν ἔβης, ἑκατηβόλʼ Ἄπολλον; </l>
          <l n="216">Πιερίην μὲν πρῶτον ἀπʼ Οὐλύμποιο κατῆλθες· </l>
          <l n="217">Λέκτον τʼ ἠμαθοέντα παρέστιχες ἠδʼ Ἐνιῆνας </l>
          <l n="218">καὶ διὰ Περραιβούς· τάχα δʼ εἰς Ἰαωλκὸν ἵκανες, </l>
          <l n="219">Κηναίου τʼ ἐπέβης ναυσικλειτῆς Εὐβοίης. </l>
          <l n="220">στῆς δʼ ἐπὶ Ληλάντῳ πεδίῳ· τό τοι οὐχ ἅδε θυμῷ </l>
          <l n="221">τεύξασθαι νηόν τε καὶ ἄλσεα δενδρήεντα. </l>
          <l n="222">ἔνθεν δʼ Εὔριπον διαβάς, ἑκατηβόλʼ Ἄπολλον, </l>
          <l n="223">βῆς ἄνʼ ὄρος ζάθεον, χλωρόν· τάχα δʼ ἷξες ἀπʼ αὐτοῦ </l>
          <l n="224">ἐς Μυκαλησσὸν ἰὼν καὶ Τευμησσὸν λεχεποίην. <milestone unit="card" n="225" ed="P"/>
          </l>
          <l n="225">Θήβης δʼ εἰσαφίκανες ἕδος καταειμένον ὕλῃ· </l>
          <l n="226">οὐ γάρ πώ τις ἔναιε βροτῶν ἱερῇ ἐνὶ Θήβῃ, </l>
          <l n="227">οὐδʼ ἄρα πω τότε γʼ ἦσαν ἀταρπιτοὶ οὐδὲ κέλευθοι </l>
          <l n="228">Θήβης ἂμ πεδίον πυρηφόρον, ἀλλʼ ἔχεν ὕλη. </l>
          <l n="229"><milestone unit="Para" ed="P"/>ἔνθεν δὲ προτέρω ἔκιες, ἑκατηβόλʼ Ἄπολλον, </l>
          <l n="230">Ὀγχηστὸν δʼ ἷξες, Ποσιδήιον ἀγλαὸν ἄλσος· </l>
          <l n="231">ἔνθα νεοδμὴς πῶλος ἀναπνέει ἀχθόμενός περ </l>
          <l n="232">ἕλκων ἅρματα καλά· χαμαὶ δʼ ἐλατὴρ ἀγαθός περ </l>
          <l n="233">ἐκ δίφροιο θορὼν ὁδὸν ἔρχεται· οἳ δὲ τέως μὲν </l>
          <l n="234">κείνʼ ὄχεα κροτέουσι ἀνακτορίην ἀφιέντες. </l>
          <l n="235">εἰ δέ κεν ἅρματʼ ἀγῇσιν ἐν ἄλσεϊ δενδρήεντι, </l>
          <l n="236">ἵππους μὲν κομέουσι, τὰ δὲ κλίναντες ἐῶσιν· </l>
          <l n="237">ὣς γὰρ τὰ πρώτισθʼ ὁσίη γένεθʼ· οἳ δὲ ἄνακτι </l>
          <l n="238">εὔχονται, δίφρον δὲ θεοῦ τότε μοῖρα φυλάσσει. </l>
          <l n="239"><milestone unit="Para" ed="P"/>ἔνθεν δὲ προτέρω ἔκιες, ἑκατηβόλʼ Ἄπολλον· </l>
          <l n="240">Κηφισσὸν δʼ ἄρʼ ἔπειτα κιχήσαο καλλιρέεθρον, </l>
          <l n="241">ὅς τε Λιλαίηθεν προχέει καλλίρροον ὕδωρ. </l>
          <l n="242">τὸν διαβάς, Ἑκάεργε, καὶ Ὠκαλέην πολύπυργον </l>
          <l n="243">ἔνθεν ἄρʼ εἰς Ἁλίαρτον ἀφίκεο ποιήεντα. </l>
          <l n="244"><milestone unit="Para" ed="P"/>βῆς δʼ ἐπὶ Τελφούσης· τόθι τοι ἅδε χῶρος ἀπήμων </l>
          <l n="245">τεύξασθαι νηόν τε καὶ ἄλσεα δενδρήεντα· </l>
          <l n="246">στῆς δὲ μάλʼ ἄγχʼ αὐτῆς καὶ μιν πρὸς μῦθον ἔειπες· </l>
          <l n="247"><milestone unit="Para" ed="P"/><!-- <milestone type="startquote"> -->Τελφοῦσʼ, ἐνθάδε δὴ φρονέω περικαλλέα νηὸν
              </l><l n="248">ἀνθρώπων τεῦξαι χρηστήριον, οἵτε μοι αἰεὶ </l><l n="249">ἐνθάδʼ ἀγινήσουσι τεληέσσας
              ἑκατόμβας, </l><l n="250">ἠμὲν ὅσοι Πελοπόννησον πίειραν ἔχουσιν </l><l n="251">ἠδʼ ὅσοι
              Εὐρώπην τε καὶ ἀμφιρύτας κατὰ νήσους, </l><l n="252">χρησόμενοι· τοῖσιν δέ κʼ ἐγὼ νημερτέα
                βουλὴν </l><l n="253">πᾶσι θεμιστεύοιμι χρέων ἐνὶ πίονι νηῷ.<!-- <milestone type="endquote"> --> </l>
          <l n="254"><milestone unit="Para" ed="P"/>ὣς εἰπὼν διέθηκε θεμείλια Φοῖβος Ἀπόλλων </l>
          <l n="255">εὐρέα καὶ μάλα μακρὰ διηνεκές· ἣ δὲ ἰδοῦσα </l>
          <l n="256">Τελφοῦσα κραδίην ἐχολώσατο εἶπέ τε μῦθον· </l>
          <l n="257"><milestone unit="Para" ed="P"/><!-- <milestone type="startquote"> -->φοῖβε ἄναξ ἑκάεργε, ἔπος τί τοι ἐν φρεσὶ θήσω.
              </l><l n="258">ἐνθάδʼ ἐπεὶ φρονέεις τεῦξαι περικαλλέα νηὸν </l><l n="259">ἔμμεναι ἀνθρώποις
              χρηστήριον, οἵτε τοι αἰεὶ </l><l n="260">ἐνθάδʼ ἀγινήσουσι τεληέσσας ἑκατόμβας·
              </l><l n="261">ἀλλʼ ἔκ τοι ἐρέω, σὺ δʼ ἐνὶ φρεσὶ βάλλεο σῇσι, </l><l n="262">πημανέει σʼ αἰεὶ κτύπος
              ἵππων ὠκειάων </l><l n="263">ἀρδόμενοί τʼ οὐρῆες ἐμῶν ἱερῶν ἀπὸ πηγέων· </l><l n="264">ἔνθα τις
              ἀνθρώπων βουλήσεται εἰσοράασθαι </l><l n="265">ἅρματά τʼ εὐποίητα καὶ ὠκυπόδων κτύπον
              ἵππων </l><l n="266">ἢ νηόν τε μέγαν καὶ κτήματα πόλλʼ ἐνεόντα. <milestone unit="card" n="267" ed="P"/>
            </l><l n="267">ἀλλʼ εἰ δή τι πίθοιο, σὺ δὲ κρείσσων καὶ ἀρείων </l><l n="268">ἐσσί, ἄναξ, ἐμέθεν, σεῦ δὲ
              σθένος ἐστὶ μέγιστον, </l><l n="269">ἐν Κρίσῃ ποίησαι ὑπὸ πτυχὶ Παρνησοῖο. </l><l n="270">ἔνθʼ
              οὔθʼ ἅρματα καλὰ δονήσεται οὔτε τοι ἵππων </l><l n="271">ὠκυπόδων κτύπος ἔσται ἐύδμητον περὶ
              βωμόν, </l><l n="272">ἀλλά τοι ὣς προσάγοιεν Ἰηπαιήονι δῶρα </l><l n="273">ἀνθρώπων κλυτὰ φῦλα· σὺ δὲ
                φρένας ἀμφιγεγηθὼς </l><l n="274">δέξαιʼ ἱερὰ καλὰ περικτιόνων ἀνθρώπων.<!-- <milestone type="endquote"> --> </l>
          <l n="275">ὣς εἰποῦσʼ Ἑκάτου πέπιθε φρένας, ὄφρα οἱ αὐτῇ </l>
          <l n="276">Τελφούσῃ κλέος εἴη ἐπὶ χθονί, μηδʼ Ἑκάτοιο. </l>
          <l n="277"><milestone unit="Para" ed="P"/>ἔνθεν δὲ προτέρω ἔκιες, ἑκατηβόλʼ Ἄπολλον· </l>
          <l n="278">ἷξες δʼ ἐς Φλεγύων ἀνδρῶν πόλιν ὑβριστάων, </l>
          <l n="279">οἳ Διὸς οὐκ ἀλέγοντες ἐπὶ χθονὶ ναιετάασκον </l>
          <l n="280">ἐν καλῇ βήσσῃ Κηφισίδος ἐγγύθι λίμνης. </l>
          <l n="281">ἔνθεν καρπαλίμως προσέβης πρὸς δειράδα θύων </l>
          <l n="282">ἵκεο δʼ ἐς Κρίσην ὑπὸ Παρνησὸν νιφόεντα, </l>
          <l n="283">κνημὸν πρὸς Ζέφυρον τετραμμένον, αὐτὰρ ὕπερθεν </l>
          <l n="284">πέτρη ἐπικρέμαται, κοίλη δʼ ὑποδέδρομε βῆσσα, </l>
          <l n="285">τρηχεῖʼ· ἔνθα ἄναξ τεκμήρατο Φοῖβος Ἀπόλλων </l>
          <l n="286">νηὸν ποιήσασθαι ἐπήρατον εἶπέ τε μῦθον· </l>
          <l n="287"><milestone unit="Para" ed="P"/><!-- <milestone type="startquote"> -->ἐνθάδε δὴ φρονέω τεῦξαι περικαλλέα νηὸν </l>
          <l n="288">ἔμμεναι ἀνθρώποις χρηστήριον, οἵτε μοι αἰεὶ </l>
          <l n="289">ἐνθάδʼ ἀγινήσουσι τεληέσσας ἑκατόμβας, </l>
          <l n="290">ἠμὲν ὅσοι Πελοπόννησον πίειραν ἔχουσιν, </l>
          <l n="291">ἠδʼ ὅσοι Εὐρώπην τε καὶ ἀμφιρύτας κατὰ νήσους, </l>
          <l n="292">χρησόμενοι· τοῖσιν δʼ ἄρʼ ἐγὼ νημερτέα βουλὴν </l>
          <l n="293">πᾶσι θεμιστεύοιμι χρέων ἐνὶ πίονι νηῷ. <!-- <milestone type="endquote"> --></l>
          <l n="294"><milestone unit="Para" ed="P"/>ὣς εἰπὼν διέθηκε θεμείλια Φοῖβος Ἀπόλλων </l>
          <l n="295">εὐρέα καὶ μάλα μακρὰ διηνεκές· αὐτὰρ ἐπʼ αὐτοῖς </l>
          <l n="296">λάινον οὐδὸν ἔθηκε Τροφώνιος ἠδʼ Ἀγαμήδης, </l>
          <l n="297">υἱέες Ἐργίνου, φίλοι ἀθανάτοισι θεοῖσιν· </l>
          <l n="298">ἀμφὶ δὲ νηὸν ἔνασσαν ἀθέσφατα φῦλʼ ἀνθρώπων </l>
          <l n="299">ξεστοῖσιν λάεσσιν, ἀοίδιμον ἔμμεναι αἰεί. </l>
          <l n="300"><milestone unit="Para" ed="P"/>ἀγχοῦ δὲ κρήνη καλλίρροος, ἔνθα δράκαιναν </l>
          <l n="301">κτεῖνεν ἄναξ, Διὸς υἱός, ἀπὸ κρατεροῖο βιοῖο, </l>
          <l n="302">ζατρεφέα, μεγάλην, τέρας ἄγριον, ἣ κακὰ πολλὰ </l>
          <l n="303">ἀνθρώπους ἔρδεσκεν ἐπὶ χθονί, πολλὰ μὲν αὐτούς, </l>
          <l n="304">πολλὰ δὲ μῆλα ταναύποδʼ, ἐπεὶ πέλε πῆμα δαφοινόν. <milestone unit="card" n="305" ed="P"/>
          </l>
          <l n="305">καὶ ποτε δεξαμένη χρυσοθρόνου ἔτρεφεν Ἥρης </l>
          <l n="306">δεινόν τʼ ἀργαλέον τε Τυφάονα, πῆμα βροτοῖσιν· </l>
          <l n="307">ὅν ποτʼ ἄρʼ Ἥρη ἔτικτε χολωσαμένη Διὶ πατρί, </l>
          <l n="308">ἡνίκʼ ἄρα Κρονίδης ἐρικυδέα γείνατʼ Ἀθήνην </l>
          <l n="309">ἐν κορυφῇ· ἣ δʼ αἶψα χολώσατο πότνια Ἥρη </l>
          <l n="310">ἠδὲ καὶ ἀγρομένοισι μετʼ ἀθανάτοισιν ἔειπε· </l>
          <l n="311"><milestone unit="Para" ed="P"/><!-- <milestone type="startquote"> -->κέκλυτέ μευ, πάντες τε θεοὶ πᾶσαί τε θέαιναι, </l>
          <l n="312">ὡς ἔμʼ ἀτιμάζειν ἄρχει νεφεληγερέτα Ζεὺς </l>
          <l n="313">πρῶτος, ἐπεί μʼ ἄλοχον ποιήσατο κέδνʼ εἰδυῖαν· </l>
          <l n="314">καὶ νῦν νόσφιν ἐμεῖο τέκε γλαυκῶπιν Ἀθήνην, </l>
          <l n="315">ἣ πᾶσιν μακάρεσσι μεταπρέπει ἀθανάτοισιν· </l>
          <l n="316">αὐτὰρ ὅ γʼ ἠπεδανὸς γέγονεν μετὰ πᾶσι θεοῖσι </l>
          <l n="317">παῖς ἐμὸς Ἥφαιστος, ῥικνὸς πόδας, ὃν τέκον αὐτή· </l>
          <l n="317a"> [<supplied reason="lost">αἶσχος ἐμοὶ καὶ ὄνειδος ἐν οὐρανῷ ὅντε καὶ αὐτή</supplied><note resp="ed" xml:lang="eng">Suggested by Allen-Sikes to fill up the lacuna.</note>] </l>
          <l n="318">ῥῖψʼ ἀνὰ χερσὶν ἑλοῦσα καὶ ἔμβαλον εὐρέι πόντῳ· </l>
          <l n="319">ἀλλά ἑ Νηρῆος θυγάτηρ Θέτις ἀργυρόπεζα </l>
          <l n="320">δέξατο καὶ μετὰ ᾗσι κασιγνήτῃσι κόμισσεν. </l>
          <l n="321">ὡς ὄφελʼ ἄλλο θεοῖσι χαρίζεσθαι μακάρεσσι. </l>
          <l n="322">σχέτλιε, ποικιλομῆτα, τί νῦν μητίσεαι ἄλλο; </l>
          <l n="323">πῶς ἔτλης οἶος τεκέειν γλαυκῶπιν Ἀθήνην; </l>
          <l n="324">οὐκ ἂν ἐγὼ τεκόμην; καὶ σὴ κεκλημένη ἔμπης </l>
          <l n="325">ἦα ῥʼ ἐν ἀθανάτοισιν, οἳ οὐρανὸν εὐρὺν ἔχουσι. </l>
          <l n="325a">φράζεο νῦν μή τοί τι κακὸν μητίσομʼ ὀπίσσω. </l>
          <l n="326">καὶ νῦν μέντοι ἐγὼ τεχνήσομαι, ὥς κε γένηται </l>
          <l n="327">παῖς ἐμός, ὅς κε θεοῖσι μεταπρέποι ἀθανάτοισιν, </l>
          <l n="328">οὔτε σὸν αἰσχύνασʼ ἱερὸν λέχος οὔτʼ ἐμὸν αὐτῆς. </l>
          <l n="329">οὐδέ τοι εἰς εὐνὴν πωλήσομαι, ἀλλʼ ἀπὸ σεῖο </l>
          <l n="330">τηλόθʼ ἐοῦσα θεοῖσι μετέσσομαι ἀθανάτοισιν.<!-- <milestone type="endquote"> --> </l>
          <l n="331"><milestone unit="Para" ed="P"/>ὣς εἰποῦσʼ ἀπὸ νόσφι θεῶν κίε χωομένη κῆρ. </l>
          <l n="332">αὐτίκʼ ἔπειτʼ ἠρᾶτο βοῶπις πότνια Ἥρη, </l>
          <l n="333">χειρὶ καταπρηνεῖ δʼ ἔλασε χθόνα καὶ φάτο μῦθον· </l>
          <l n="334"><milestone unit="Para" ed="P"/><!-- <milestone type="startquote"> -->κέκλυτε νῦν μευ, Γαῖα καὶ Οὐρανὸς εὐρὺς ὕπερθεν </l>
          <l n="335">Τιτῆνές τε θεοί, τοὶ ὑπὸ χθονὶ ναιετάοντες </l>
          <l n="336">Τάρταρον ἀμφὶ μέγαν, τῶν ἒξ ἄνδρες τε θεοί τε· </l>
          <l n="337">αὐτοὶ νῦν μευ πάντες ἀκούσατε καὶ δότε παῖδα </l>
          <l n="338">νόσφι Διός, μηδέν τι βίην ἐπιδευέα κείνου· </l>
          <l n="339">ἀλλʼ ὅ γε φέρτερος ἔστω, ὅσον Κρόνου εὐρύοπα Ζεύς.<!-- <milestone type="endquote"> --></l>
          <l n="340">ὣς ἄρα φωνήσασʼ ἵμασε χθόνα χειρὶ παχείῃ· </l>
          <l n="341">κινήθη δʼ ἄρα Γαῖα φερέσβιος· ἣ δὲ ἰδοῦσα </l>
          <l n="342">τέρπετο ὃν κατὰ θυμόν· ὀίετο γὰρ τελέεσθαι. </l>
          <l n="343">ἐκ τούτου δὴ ἔπειτα τελεσφόρον εἰς ἐνιαυτὸν </l>
          <l n="344">οὔτε πότʼ εἰς εὐνὴν Διὸς ἤλυθε μητιόεντος, </l>
          <l n="345">οὔτε πότʼ ἐς θῶκον πολυδαίδαλον, ὡς τὸ πάρος περ </l>
          <l n="346">αὐτῷ ἐφεζομένη πυκινὰς φραζέσκετο βουλάς· </l>
          <l n="347">ἀλλʼ ἥ γʼ ἐν νηοῖσι πολυλλίστοισι μένουσα </l>
          <l n="348">τέρπετο οἷς ἱεροῖσι βοῶπις πότνια Ἥρη. <milestone unit="card" n="349" ed="P"/>
          </l>
          <l n="349">ἀλλʼ ὅτε δὴ μῆνές τε καὶ ἡμέραι ἐξετελεῦντο </l>
          <l n="350">ἂψ περιτελλομένου ἔτεος καὶ ἐπήλυθον ὧραι, </l>
          <l n="351">ἣ δʼ ἔτεκʼ οὔτε θεοῖς ἐναλίγκιον οὔτε βροτοῖσι, </l>
          <l n="352">δεινόν τʼ ἀργαλέον τε Τυφάονα, πῆμα βροτοῖσιν. </l>
          <l n="353">αὐτίκα τόνδε λαβοῦσα βοῶπις πότνια Ἥρη </l>
          <l n="354">δῶκεν ἔπειτα φέρουσα κακῷ κακόν· ἣ δʼ ὑπέδεκτο. </l>
          <l n="355">ὃς κακὰ πόλλʼ ἔρδεσκεν ἀγακλυτὰ φῦλʼ ἀνθρώπων· </l>
          <l n="356">ὃς τῇ γʼ ἀντιάσειε, φέρεσκέ μιν αἴσιμον ἦμαρ, </l>
          <l n="357">πρίν γέ οἱ ἰὸν ἐφῆκε ἄναξ ἑκάεργος Ἀπόλλων </l>
          <l n="358">καρτερόν· ἣ δʼ ὀδύνῃσιν ἐρεχθομένη χαλεπῇσι </l>
          <l n="359">κεῖτο μέγʼ ἀσθμαίνουσα κυλινδομένη κατὰ χῶρον. </l>
          <l n="360">θεσπεσίη δʼ ἐνοπὴ γένετʼ ἄσπετος· ἣ δὲ καθʼ ὕλην </l>
          <l n="361">πυκνὰ μάλʼ ἔνθα καὶ ἔνθα ἑλίσσετο, λεῖπε δὲ θυμὸν </l>
          <l n="362">φοινὸν ἀποπνείουσʼ· ὃ δʼ ἐπηύξατο Φοῖβος Ἀπόλλων· </l>
          <l n="363"><milestone unit="Para" ed="P"/><!-- <milestone type="startquote"> -->ἐνταυθοῖ νῦν πύθευ ἐπὶ χθονὶ βωτιανείρῃ· </l>
          <l n="364">οὐδὲ σύ γε ζώουσα κακὸν δήλημα βροτοῖσιν </l>
          <l n="365">ἔσσεαι, οἳ γαίης πολυφόρβου καρπὸν ἔδοντες </l>
          <l n="366">ἐνθάδʼ ἀγινήσουσι τεληέσσας ἑκατόμβας· </l>
          <l n="367">οὐδέ τί τοι θάνατόν γε δυσηλεγέʼ οὔτε Τυφωεὺς </l>
          <l n="368">ἀρκέσει οὔτε Χίμαιρα δυσώνυμος, ἀλλά σέ γʼ αὐτοῦ </l>
          <l n="369">πύσει Γαῖα μέλαινα καὶ ἠλέκτωρ Ὑπερίων. <!-- <milestone type="endquote"> --></l>
          <l n="370"><milestone unit="Para" ed="P"/>ὣς φάτʼ ἐπευχόμενος· τὴν δὲ σκότος ὄσσε κάλυψε. </l>
          <l n="371">τὴν δʼ αὐτοῦ κατέπυσʼ ἱερὸν μένος Ἠελίοιο, </l>
          <l n="372">ἐξ οὗ νῦν Πυθὼ κικλήσκεται· οἳ δὲ ἄνακτα </l>
          <l n="373">Πύθιον ἀγκαλέουσιν ἐπώνυμον, οὕνεκα κεῖθι </l>
          <l n="374">αὐτοῦ πῦσε πέλωρ μένος ὀξέος Ἠελίοιο. </l>
          <l n="375"><milestone unit="Para" ed="P"/>καὶ τότʼ ἄρʼ ἔγνω ᾗσιν ἐνὶ φρεσὶ Φοῖβος Ἀπόλλων, </l>
          <l n="376">οὕνεκά μιν κρήνη καλλίρροος ἐξαπάφησε· </l>
          <l n="377">βῆ δʼ ἐπὶ Τελφούσῃ κεχολωμένος, αἶψα δʼ ἵκανε· </l>
          <l n="378">στῆ δὲ μάλʼ ἄγχʼ αὐτῆς καί μιν πρὸς μῦθον ἔειπε· </l>
          <l n="379"><milestone unit="Para" ed="P"/><!-- <milestone type="startquote"> -->Τελφοῦσʼ, οὐκ ἄρʼ ἔμελλες ἐμὸν νόον ἐξαπαφοῦσα </l>
          <l n="380">χῶρον ἔχουσʼ ἐρατὸν προρέειν καλλίρροον ὕδωρ. </l>
          <l n="381">ἐνθάδε δὴ καὶ ἐμὸν κλέος ἔσσεται, οὐδὲ σὸν οἴης. <!-- <milestone type="endquote"> --></l>
          <l n="382"><milestone unit="Para" ed="P"/>ἦ καὶ ἐπὶ ῥίον ὦσε ἄναξ ἑκάεργος Ἀπόλλων </l>
          <l n="383">πετραίῃς προχυτῇσιν, ἀπέκρυψεν δὲ ῥέεθρα </l>
          <l n="384">καὶ βωμὸν ποιήσατʼ ἐν ἄλσεϊ δενδρήεντι, </l>
          <l n="385">ἄγχι μάλα κρήνης καλλιρρόου· ἔνθαδʼ ἄνακτι </l>
          <l n="386">πάντες ἐπίκλησιν Τελφουσίῳ εὐχετόωνται, </l>
          <l n="387">οὕνεκα Τελφούσης ἱερῆς ᾔσχυνε ῥέεθρα. </l>
          <l n="388"><milestone unit="Para" ed="P"/>καὶ τότε δὴ κατὰ θυμὸν ἐφράζετο Φοῖβος Απόλλων, </l>
          <l n="389">οὕστινας ἀνθρώπους ὀργείονας εἰσαγάγοιτο, </l>
          <l n="390">οἳ θεραπεύσονται Πυθοῖ ἔνι πετρηέσσῃ· </l>
          <l n="391">ταῦτʼ ἄρα ὁρμαίνων ἐνόησʼ ἐπὶ οἴνοπι πόντῳ </l>
          <l n="392">νῆα θοήν· ἐν δʼ ἄνδρες ἔσαν πολέες τε καὶ ἐσθλοί, </l>
          <l n="393">Κρῆτες ἀπὸ Κνωσοῦ Μινωίου, οἵ ῥα ἄνακτι </l>
          <l n="394">ἱερά τε ῥέζουσι καὶ ἀγγέλλουσι θέμιστας </l>
          <l n="395">φοίβου Ἀπόλλωνος χρυσαόρου, ὅττι κεν εἴπῃ </l>
          <l n="396">χρείων ἐκ δάφνης γυάλων ὕπο Παρνησοῖο.</l> <milestone unit="card" n="397" ed="P"/>
          <l n="397">οἳ μὲν ἐπὶ πρῆξιν καὶ χρήματα νηὶ μελαίνῃ </l>
          <l n="398">ἐς Πύλον ἠμαθόεντα Πυλοιγενέας τʼ ἀνθρώπους </l>
          <l n="399">ἔπλεον· αὐτὰρ ὃ τοῖσι συνήντετο Φοῖβος Ἀπόλλων· </l>
          <l n="400">ἐν πόντῳ δʼ ἐπόρουσε δέμας δελφῖνι ἐοικὼς </l>
          <l n="401">νηὶ θοῇ καὶ κεῖτο πέλωρ μέγα τε δεινόν τε· </l>
          <l n="402">τῶν δʼ οὔτις κατὰ θυμὸν ἐπεφράσαθʼ ὥστε νοῆσαι </l>
          <l n="402a"> [<supplied reason="lost">ἐκβάλλειν δʼ ἔθελον δελφῖνʼ· ὁ δὲ νῆα
                μέλαιναν</supplied><note resp="ed" xml:lang="eng">Allen-Sikes’s supplement.</note>] </l>
          <l n="403">πάντοσʼ ἀνασσείσασκε, τίνασσε δὲ νήια δοῦρα. </l>
          <l n="404">οἳ δʼ ἀκέων ἐνὶ νηὶ καθήατο δειμαίνοντες· </l>
          <l n="405">οὐδʼ οἵ γʼ ὅπλʼ ἔλυον κοίλην ἀνὰ νῆα μέλαιναν, </l>
          <l n="406">οὐδʼ ἔλυον λαῖφος νηὸς κυανοπρώροιο, </l>
          <l n="407">ἀλλʼ ὡς τὰ πρώτιστα κατεστήσαντο βοεῦσιν, </l>
          <l n="408">ὣς ἔπλεον· κραιπνὸς δὲ Νότος κατόπισθεν ἔπειγε </l>
          <l n="409">νῆα θοήν· πρῶτον δὲ παρημείβοντο Μάλειαν, </l>
          <l n="410">πὰρ δὲ Λακωνίδα γαῖαν ἁλιστέφανον πτολίεθρον </l>
          <l n="411">ἷξον καὶ χῶρον τερψιμβρότου Ἠελίοιο, </l>
          <l n="412">Ταίναρον, ἔνθα τε μῆλα βαθύτριχα βόσκεται αἰεὶ </l>
          <l n="413">Ἠελίοιο ἄνακτος, ἔχει δʼ ἐπιτερπέα χῶρον. </l>
          <l n="414">οἳ μὲν ἄρʼ ἔνθʼ ἔθελον νῆα σχεῖν ἠδʼ ἀποβάντες </l>
          <l n="415">φράσσασθαι μέγα θαῦμα καὶ ὀφθαλμοῖσιν ἰδέσθαι, </l>
          <l n="416">εἰ μενέει νηὸς γλαφυρῆς δαπέδοισι πέλωρον </l>
          <l n="417">ἢ εἰς οἶδμʼ ἅλιον πολυΐχθυον αὖτις ὀρούσει. </l>
          <l n="418">ἀλλʼ οὐ πηδαλίοισιν ἐπείθετο νηῦς εὐεργής, </l>
          <l n="419">ἀλλὰ παρὲκ Πελοπόννησον πίειραν ἔχουσα </l>
          <l n="420">ἤιʼ ὁδόν· πνοιῇ δὲ ἄναξ ἑκάεργος Ἀπόλλων </l>
          <l n="421">ῥηιδίως ἴθυνʼ· ἣ δὲ πρήσσουσα κέλευθον </l>
          <l n="422">Ἀρήνην ἵκανε καὶ Ἀργυφέην ἐρατεινὴν </l>
          <l n="423">καὶ Θρύον, Ἀλφειοῖο πόρον, καὶ ἐύκτιτον Αἶπυ </l>
          <l n="424">καὶ Πύλον ἠμαθόεντα Πυλοιγενέας τʼ ἀνθρώπους. </l>
          <l n="425">βῆ δὲ παρὰ Κπουνοὺς καὶ Χαλκίδα καὶ παρὰ Δύμην </l>
          <l n="426">ἠδὲ παρʼ Ἤλιδα δῖαν, ὅθι κρατέουσιν Ἐπειοί. </l>
          <l n="427">εὖτε Φερὰς ἐπέβαλλεν, ἀγαλλομένη Διὸς οὔρῳ, </l>
          <l n="428">καί σφιν ὑπὲκ νεφέων Ἰθάκης τʼ ὄρος αἰπὺ πέφαντο </l>
          <l n="429">Δουλίχιόν τε Σάμη τε καὶ ὑλήεσσα Ζάκυνθος. </l>
          <l n="430">ἀλλʼ ὅτε δὴ Πελοπόννησον παρενίσατο πᾶσαν </l>
          <l n="431">καὶ δὴ ἐπὶ Κρίσης κατεφαίνετο κόλπος ἀπείρων, </l>
          <l n="432">ὅστε διὲκ Πελοπόννησον πίειραν ἐέργει· </l>
          <l n="433">ἦλθʼ ἄνεμος Ζέφυρος μέγας, αἴθριος, ἐκ Διὸς αἴσης, </l>
          <l n="434">λάβρος ἐπαιγίζων ἐξ αἰθέρος, ὄφρα τάχιστα </l>
          <l n="435">νηῦς ἀνύσειε θέουσα θαλάσσης ἁλμυρὸν ὕδωρ. </l>
          <l n="436">ἄψορροι δὴ ἔπειτα πρὸς ἠῶ τʼ ἠέλιόν τε </l>
          <l n="437">ἔπλεον· ἡγεμόνευε δʼ ἄναξ Διὸς υἱὸς Ἀπόλλων· </l>
          <l n="438">ἷξον δʼ ἐς Κρίσην εὐδείελον, ἀμπελόεσσαν, </l>
          <l n="439">ἐς λιμένʼ· ἣ δʼ ἀμάθοισιν ἐχρίμψατο ποντοπόρος νηῦς. </l>
          <l n="440"><milestone unit="Para" ed="P"/>ἔνθʼ ἐκ νηὸς ὄρουσε ἄναξ ἑκάεργος Ἀπόλλων, </l>
          <l n="441">ἀστέρι εἰδόμενος μέσῳ ἤματι· τοῦ δʼ ἀπὸ πολλαὶ </l>
          <l n="442">σπινθαρίδες πωτῶντο, σέλας δʼ εἰς οὐρανὸν ἷκεν· </l>
          <l n="443">ἐς δʼ ἄδυτον κατέδυσε διὰ τριπόδων ἐριτίμων. <milestone unit="card" n="444" ed="P"/>
          </l>
          <l n="444">ἔνθʼ ἄρʼ ὅ γε φλόγα δαῖε πιφαυσκόμενος τὰ ἃ κῆλα· </l>
          <l n="445">πᾶσαν δὲ Κρίσην κάτεχεν σέλας· αἳ δʼ ὀλόλυξαν </l>
          <l n="446">Κρισαίων ἄλοχοι καλλίζωνοί τε θύγατρες </l>
          <l n="447">Φοίβου ὑπὸ ῥιπῆς· μέγα γὰρ δέος ἔμβαλʼ ἑκάστῳ. </l>
          <l n="448">ἔνθεν δʼ αὖτʼ ἐπὶ νῆα νόημʼ ὣς ἆλτο πέτεσθαι, </l>
          <l n="449">ἀνέρι εἰδόμενος αἰζηῷ τε κρατερῷ τε, </l>
          <l n="450">πρωθήβῃ, χαίτῃς εἰλυμένος εὐρέας ὤμους· </l>
          <l n="451">καί σφεας φωνήσας ἔπεα πτερόεντα προσηύδα· </l>
          <l n="452"><milestone unit="Para" ed="P"/><!-- <milestone type="startquote"> -->ὦ ξεῖνοι, τίνες ἐστέ; πόθεν πλεῖθʼ ὑγρὰ κέλευθα; </l>
          <l n="453">ἤ τι κατὰ πρῆξιν ἢ μαψιδίως ἀλάλησθε </l>
          <l n="454">οἷά τε ληιστῆρες ὑπεὶρ ἅλα, τοί τʼ ἀλόωνται </l>
          <l n="455">ψυχὰς παρθέμενοι, κακὸν ἀλλοδαποῖσι φέροντες; </l>
          <l n="456">τίφθʼ οὕτως ἧσθον τετιηότες, οὐδʼ ἐπὶ γαῖαν </l>
          <l n="457">ἐκβῆτʼ, οὐδὲ καθʼ ὅπλα μελαίνης νηὸς ἔθεσθε; </l>
          <l n="458">αὕτη μέν γε δίκη πέλει ἀνδρῶν ἀλφηστάων, </l>
          <l n="459">ὁππότʼ ἂν ἐκ πόντοιο ποτὶ χθονὶ νηὶ μελαίνῃ </l>
          <l n="460">ἔλθωσιν καμάτῳ ἀδηκότες, αὐτίκα δέ σφεας </l>
          <l n="461">σίτοιο γλυκεροῖο περὶ φρένας ἵμερος αἱρεῖ.<!-- <milestone type="endquote"> --></l>
          <l n="462"><milestone unit="Para" ed="P"/>ὣς φάτο καί σφιν θάρσος ἐνὶ στήθεσσιν ἔθηκε. </l>
          <l n="463">τὸν καὶ ἀμειβόμενος Κρητῶν ἀγὸς ἀντίον ηὔδα· </l>
          <l n="464"><!-- <milestone type="startquote"> -->ξεῖνʼ, ἐπεὶ οὐ μὲν γάρ τι καταθνητοῖσι ἔοικας, </l>
          <l n="465">οὐ δέμας οὐδὲ φυήν, ἀλλʼ ἀθανάτοισι θεοῖσιν, </l>
          <l n="466">οὖλέ τε καὶ μέγα χαῖρε, θεοὶ δέ τοι ὄλβια δοῖεν. </l>
          <l n="467">καί μοι τοῦτʼ ἀγόρευσον ἐτήτυμον, ὄφρʼ εὖ εἰδῶ· </l>
          <l n="468">τίς δῆμος; τίς γαῖα; τίνες βροτοὶ ἐγγεγάασιν; </l>
          <l n="469">ἄλλῃ γὰρ φρονέοντες ἐπεπλέομεν μέγα λαῖτμα </l>
          <l n="470">ἐς Πύλον ἐκ Κρήτης, ἔνθεν γένος εὐχόμεθʼ εἶναι· </l>
          <l n="471">νῦν δʼ ὧδε ξὺν νηὶ κατήλθομεν οὔ τι ἑκόντες, </l>
          <l n="472">νόστου ἱέμενοι, ἄλλην ὁδόν, ἄλλα κέλευθα· </l>
          <l n="473">ἀλλά τις ἀθανάτων δεῦρʼ ἤγαγεν οὐκ ἐθέλοντας. <!-- <milestone type="endquote"> --></l>
          <l n="474"><milestone unit="Para" ed="P"/>τοὺς δʼ ἀπαμειβόμενος προσέφη ἑκάεργος Ἀπόλλων· </l>
          <l n="475"><!-- <milestone type="startquote"> -->ξεῖνοι, τοὶ Κνωσὸν πολυδένδρεον ἀμφενεμεσθε </l><l n="476">τὸ πρίν, ἀτὰρ νῦν οὐκ ἔθʼ
              ὑπότροποι αὖτις ἔσεσθε </l><l n="477">ἔς τε πόλιν ἐρατὴν καὶ δώματα καλὰ ἕκαστος </l><l n="478">ἔς τε
              φίλας ἀλόχους· ἀλλʼ ἐνθάδε πίονα νηὸν </l><l n="479">ἕξετʼ ἐμὸν πολλοῖσι τετιμένον
              ἀνθρώποισιν. </l><l n="480">εἰμὶ δʼ ἐγὼ Διὸς υἱός, Ἀπόλλων δʼ εὔχομαι εἶναι·
              </l><l n="481">ὑμέας δʼ ἤγαγον ἐνθάδʼ ὑπὲρ μέγα λαῖμα θαλάσσης, </l><l n="482">οὔ τι κακὰ φρονέων,
              ἀλλʼ ἐνθάδε πίονα νηὸν </l><l n="483">ἕξετʼ ἐμὸν πᾶσιν μάλα τίμιον ἀνθρώποισι, </l><l n="484">βουλάς
              τʼ ἀθανάτων εἰδήσετε, τῶν ἰότητι </l><l n="485">αἰεὶ τιμήσεσθε διαμπερὲς ἤματα πάντα.
              </l><l n="486">ἀλλʼ ἄγεθʼ, ὡς ἂν ἐγὼ εἴπω, πείθεσθε τάχιστα· </l><l n="487">ἱστία μὲν πρῶτον κάθετον
              λύσαντε βοείας, </l><l n="488">νῆα δʼ ἔπειτα θοὴν μὲν ἐπʼ ἠπείρου ἐρύσασθε, </l><l n="489">ἐκ δὲ
              κτήμαθʼ ἕλεσθε καὶ ἔντεα νηὸς ἐίσης </l><l n="490">καὶ βωμὸν ποιήσατʼ ἐπὶ ῥηγμῖνι
              θαλάσσης· </l><l n="491">πῦρ δʼ ἐπικαίοντες ἐπί τʼ ἄλφιτα λευκὰ θύοντες </l><l n="492">εὔχεσθαι δὴ
              ἔπειτα παριστάμενοι περὶ βωμόν. <milestone unit="card" n="493" ed="P"/>
            </l><l n="493">ὡς μὲν ἐγὼ τὸ πρῶτον ἐν ἠεροειδέι πόντῳ </l><l n="494">εἰδόμενος δελφῖνι θοῆς ἐπὶ νηὸς
              ὄρουσα, </l><l n="495">ὣς ἐμοὶ εὔχεσθαι Δελφινίῳ· αὐτὰρ ὁ βωμὸς </l><l n="496">αὐτὸς Δελφίνιος
              καὶ ἐπόψιος ἔσσεται αἰεί. </l><l n="497">δειπνῆσαί τʼ ἄρʼ ἔπειτα θοῇ παρὰ νηὶ μελαίνῃ
              </l><l n="498">καὶ σπεῖσαι μακάρεσσι θεοῖς, οἳ Ὄλυμπον ἔχουσιν. </l><l n="499">αὐτὰρ ἐπὴν σίτοιο
              μελίφρονος ἐξ ἔρον ἧσθε, </l><l n="500">ἔρχεσθαί θʼ ἅμʼ ἐμοὶ καὶ ἰηπαιήονʼ ἀείδειν,
              </l><l n="501">εἰς ὅ κε χῶρον ἵκησθον, ἵνʼ ἕξετε πίονα νηόν.<!-- <milestone type="endquote"> --></l>
          <l n="502"><milestone unit="Para" ed="P"/>ὣς ἔφαθʼ· οἳ δʼ ἄρα τοῦ μάλα μὲν κλύον ἠδʼ ἐπίθοντο. </l>
          <l n="503">ἱστία μὲν πρῶτον κάθεσαν, λῦσαν δὲ βοείας, </l>
          <l n="504">ἱστὸν δʼ ἱστοδόκῃ πέλασαν προτόνοισιν ὑφέντες· </l>
          <l n="505">ἐκ δὲ καὶ αὐτοὶ βαῖνον ἐπὶ ῥηγμῖνι θαλάσσης. </l>
          <l n="506">ἐκ δʼ ἁλὸς ἤπειρόνδε θοὴν ἀνὰ νῆʼ ἐρύσαντο </l>
          <l n="507">ὑψοῦ ἐπὶ ψαμάθοις, ὑπὸ δʼ ἕρματα μακρὰ τάνυσσαν· </l>
          <l n="508">καὶ βωμὸν ποίησαν ἐπὶ ῥηγμῖνι θαλάσσης· </l>
          <l n="509">πῦρ δʼ ἐπικαίοντες ἐπί τʼ ἄλφιτα λευκὰ θύοντες </l>
          <l n="510">εὔχονθʼ, ὡς ἐκέλευε, παριστάμενοι περὶ βωμόν. </l>
          <l n="511">δόρπον ἔπειθʼ εἵλοντο θοῇ παρὰ νηὶ μελαίνῃ </l>
          <l n="512">καὶ σπεῖσαν μακάρεσσι θεοῖς, οἳ Ὄλυμπον ἔχουσιν. </l>
          <l n="513">αὐτὰρ ἐπεὶ πόσιος καὶ ἐδητύος ἐξ ἔρον ἕντο, </l>
          <l n="514">βάν ῥʼ ἴμεν· ἦρχε δʼ ἄρα σφιν ἄναξ Διὸς υἱὸς Ἀπόλλων, </l>
          <l n="515">φόρμιγγʼ ἐν χείρεσσιν ἔχων, ἐρατὸν κιθαρίζων, </l>
          <l n="516">καλὰ καὶ ὕψι βιβάς· οἳ δὲ ῥήσσοντες ἕποντο </l>
          <l n="517">Κρῆτες πρὸς Πυθὼ καὶ ἰηπαιήονʼ ἄειδον, </l>
          <l n="518">οἷοί τε Κρητῶν παιήονες, οἷσί τε Μοῦσα </l>
          <l n="519">ἐν στήθεσσιν ἔθηκε θεὰ μελίγηρυν ἀοιδήν. </l>
          <l n="520">ἄκμητοι δὲ λόφον προσέβαν ποσίν, αἶψα δʼ ἵκοντο </l>
          <l n="521">Παρνησὸν καὶ χῶρον ἐπήρατον, ἔνθʼ ἄρʼ ἔμελλον </l>
          <l n="522">οἰκήσειν πολλοῖσι τετιμένοι ἀνθρώποισι· </l>
          <l n="523">δεῖξε δʼ ἄγων ἄδυτον ζάθεον καὶ πίονα νηόν. </l>
          <l n="524"><milestone unit="Para" ed="P"/>τῶν δʼ ὠρίνετο θυμὸς ἐνὶ στήθεσσι φίλοισι· </l>
          <l n="525">τὸν καὶ ἀνειρόμενος Κρητῶν ἀγὸς ἀντίον ηὔδα· </l>
          <l n="526"><milestone unit="Para" ed="P"/><!-- <milestone type="startquote"> -->ὦ ἄνα, εἰ δὴ τῆλε φίλων καὶ πατρίδος αἴης </l>
          <l n="527">ἤγαγες· οὕτω που τῷ σῷ φίλον ἔπλετο θυμῷ· </l>
          <l n="528">πῶς καὶ νῦν βιόμεσθα; τό σε φράζεσθαι ἄνωγμεν. </l>
          <l n="529">οὔτε τρυγηφόρος ἥδε γʼ ἐπήρατος οὔτʼ εὐλείμων, </l>
          <l n="530">ὥστʼ ἀπό τʼ εὖ ζώειν καὶ ἅμʼ ἀνθρώποισιν ὀπάζειν.<!-- <milestone type="endquote"> --> <milestone unit="card" n="531" ed="P"/></l>
          <l n="531"><milestone unit="Para" ed="P"/>τοὺς δʼ ἐπιμειδήσας προσέφη Διὸς υἱὸς Ἀπόλλων· </l>
          <l n="532"><milestone unit="Para" ed="P"/><!-- <milestone type="startquote"> -->νήπιοι ἄνθρωποι, δυστλήμονες, οἳ μελεδῶνας</l>
             <l n="533">βούλεσθʼ ἀργαλέους τε πόνους καὶ στείνεα θυμῷ· </l>
            <l n="534">ῥηίδιον ἔπος ὔμμʼ ἐρέω καὶ ἐπὶ φρεσὶ θήσω, </l>
            <l n="535">δεξιτερῇ μάλʼ ἕκαστος ἔχων ἐν χειρὶ μάχαιραν,</l>
           <l n="536">σφάζειν αἰεὶ μῆλα· τὰ δʼ ἄφθονα πάντα παρέσται, </l>
             <l n="537">ὅσσα τʼ ἐμοί κʼ ἀγάγωσι περικλυτὰ φῦλʼ ἀνθρώπων· </l>
            <l n="538">νηὸν δὲ προφύλαχθε, δέδεχθε δὲ φῦλʼ ἀνθρώπων</l>
             <l n="539">ἐνθάδʼ ἀγειρομένων καὶ ἐμὴν ἰθύν τε μάλιστα. </l>
              <l n="539a">[<supplied reason="lost">δείκνυσθε θνητοῖσι· σὺ δὲ φρεσὶ δέξο θέμιστα.</supplied> </l>
              <l n="539b"><supplied reason="lost">εἰ δέ τις ἀφραδίῃς οὐ πείσεται,  ἀλλʼ ἀλογήσει</supplied><note resp="ed" xml:lang="eng">Allen suggests these two lines to fill the lacuna.</note>] </l>
                <l n="540">ἠέ τι τηΰσιον ἔπος ἔσσεται ἠέ τι ἔργον </l>
                <l n="541">ὕβρις θʼ, ἣ θέμις ἐστὶ καταθνητῶν ἀνθρώπων, </l>
                <l n="542">ἄλλοι ἔπειθʼ ὑμῖν σημάντορες ἄνδρες ἔσονται,</l>
              <l n="543">τῶν ὑπʼ ἀναγκαίῃ δεδμήσεσθʼ ἤματα πάντα. </l>
            <l n="544">εἴρηταί τοι πάντα· σὺ δὲ φρεσὶ  σῇσι φύλαξαι. <!-- <milestone type="endquote"> --></l>
          <l n="545"><milestone unit="Para" ed="P"/>καὶ σὺ μὲν οὕτω χαῖρε, Διὸς καὶ Λητοῦς υἱέ· </l>
          <l n="546">αὐτὰρ ἐγὼ καὶ σεῖο καὶ ἄλλης μνήσομʼ ἀοιδῆς. </l>
        </sp>
  </div>
      </div>
    </body>
  </text>
</TEI>