<?xml version="1.0" encoding="UTF-8"?>
<?xml-model href="http://www.stoa.org/epidoc/schema/8.19/tei-epidoc.rng"
schematypens="http://relaxng.org/ns/structure/1.0"?>
<?xml-model href="http://www.stoa.org/epidoc/schema/8.19/tei-epidoc.rng"
schematypens="http://purl.oclc.org/dsdl/schematron"?>
<TEI xmlns="http://www.tei-c.org/ns/1.0">
  <teiHeader>
    <fileDesc>
      <titleStmt>
        <title>Hymn 30 To Earth</title>
        
        <editor>Hugh G. Evelyn-White</editor>
        <sponsor>Perseus Project, Tufts University</sponsor>
        <principal>Gregory Crane</principal>
        <respStmt>
          <resp>Prepared under the supervision of</resp>
          <name>Lisa Cerrato</name>
          <name>William Merrill</name>
          <name>Elli Mylonas</name>
          <name>David Smith</name>
        </respStmt>
        <funder n="org:AnnCPB">The Annenberg CPB/Project</funder>

      </titleStmt>
      <publicationStmt>
        <publisher>Trustees of Tufts University</publisher>
        <pubPlace>Medford, MA</pubPlace>
        <authority>Perseus Project</authority>
      </publicationStmt>





      <sourceDesc>
        <bibl>
          <author>Anonymous</author>
          <title>The Homeric Hymns and Homerica with an English Translation by Hugh G. Evelyn-White.
            Homeric Hymns</title>
          <publisher>Cambridge, MA.,Harvard University Press; London, William Heinemann
            Ltd.</publisher>
          <date>1914</date>
        </bibl>
      </sourceDesc>

    </fileDesc>

    <encodingDesc>
      <refsDecl n="CTS">
        <cRefPattern n="line"
          matchPattern="(\\w+)"
          replacementPattern="#xpath(/tei:TEI/tei:text/tei:body//tei:l[@n=\'$1\'])">
          <p>This pointer pattern extracts line</p>
        </cRefPattern>
      </refsDecl>
      <refsDecl>
        <refState unit="line"/>
      </refsDecl>
      <!--<refsDecl>
	<refState n="chunk" unit="card"/>
      </refsDecl>-->
    </encodingDesc>
    
    <profileDesc>
      <langUsage>
        <language ident="grc">Greek</language>
      </langUsage>
    </profileDesc>

    <revisionDesc>
      
      <change when="1988-01-01" who="Bill Merrill">Text keyboarded in the Philippines.  Basic SGML tagging by Bill Merrill</change>
      <change when="1993-08-01" who="EM">Go over text, check cardbreaks, and change tags to be more TEI conformant.</change>
      <change when="2014-07-01" who="Stella Dee">split composite text and converted to unicode</change>  
       <change when="2014-08-01" who="Stella Dee">edited markup</change>
      <change when="2015-12-11" who="Lisa Cerrato">fixing titles and headers</change>
      <change when="2016-01-15" who="Lisa Cerrato">EpiDoc conversion and CTS related changes</change>
    </revisionDesc>

  </teiHeader>
  <text xml:lang="grc">
    <body>
      <div type="edition" xml:lang="grc" n="urn:cts:greekLit:tlg0013.tlg030.perseus-grc2">
      <head>Εἲς Γῆν Μητέρα Πάντων</head>
      

        <milestone unit="card" n="1" ed="P"/>
        <l n="1"><milestone unit="Para" ed="P"/>γαῖαν παμμήτειραν ἀείσομαι, ἠυθέμεθλον, </l>
        <l n="2">πρεσβίστην, ἣ φέρβει ἐπὶ χθονὶ πάνθʼ ὁπόσʼ ἐστίν, </l>
        <l n="3">ἠμὲν ὅσα χθόνα δῖαν ἐπέρχεται ἠδʼ ὅσα πόντον </l>
        <l n="4">ἠδʼ ὅσα πωτῶνται, τάδε φέρβεται ἐκ σέθεν ὄλβου. </l>
        <l n="5">ἐκ σέο δʼ εὔπαιδές τε καὶ εὔκαρποι τελέθουσι, </l>
        <l n="6">πότνια, σεῦ δʼ ἔχεται δοῦναι βίον ἠδʼ ἀφελέσθαι </l>
        <l n="7">θνητοῖς ἀνθρώποισιν· ὃ δʼ ὄλβιος, ὅν κε σὺ θυμῷ </l>
        <l n="8">πρόφρων τιμήσῃς· τῷ τʼ ἄφθονα πάντα πάρεστι. </l>
        <l n="9">βρίθει μέν σφιν ἄρουρα φερέσβιος ἠδὲ κατʼ ἀγροὺς </l>
        <l n="10">κτήνεσιν εὐθηνεῖ, οἶκος δʼ ἐμπίπλαται ἐσθλῶν· </l>
        <l n="11">αὐτοὶ δʼ εὐνομίῃσι πόλιν κάτα καλλιγύναικα </l>
        <l n="12">κοιρανέουσʼ, ὄλβος δὲ πολὺς καὶ πλοῦτος ὀπηδεῖ· </l>
        <l n="13">παῖδες δʼ εὐφροσύνῃ νεοθηλέι κυδιόωσι </l>
        <l n="14">παρθενικαί τε χοροῖς πολυανθέσιν εὔφρονι θυμῷ </l>
        <l n="15">παίζουσαι σκαίρουσι κατʼ ἄνθεα μαλθακὰ ποίης, </l>
        <l n="16">οὕς κε σὺ τιμήσῃς, σεμνὴ θεά, ἄφθονε δαῖμον. </l>
        <l n="17"><milestone unit="Para" ed="P"/>χαῖρε, θεῶν μήτηρ, ἄλοχʼ Οὐρανοῦ ἀστερόεντος, </l>
        <l n="18">πρόφρων δʼ ἀντʼ ᾠδῆς βίοτον θυμήρεʼ ὄπαζε· </l>
        <l n="19">αὐτὰρ ἐγὼ καὶ σεῖο καὶ ἄλλης μνήσομʼ ἀοιδῆς. </l>
      </div>
    </body>
  </text>
</TEI>
