<?xml version="1.0" encoding="UTF-8"?><?xml-model href="http://www.stoa.org/epidoc/schema/8.19/tei-epidoc.rng"
schematypens="http://relaxng.org/ns/structure/1.0"?><?xml-model href="http://www.stoa.org/epidoc/schema/8.19/tei-epidoc.rng"
schematypens="http://purl.oclc.org/dsdl/schematron"?><TEI xmlns="http://www.tei-c.org/ns/1.0">
  <teiHeader>
    <fileDesc>
      <titleStmt>
        <title>Hymn 19 to Pan</title>
        
        <editor>Hugh G. Evelyn-White</editor>
        <sponsor>Perseus Project, Tufts University</sponsor>
        <principal>Gregory Crane</principal>
        <respStmt>
          <resp>Prepared under the supervision of</resp>
          <name>Lisa Cerrato</name>
          <name>William Merrill</name>
          <name>Elli Mylonas</name>
          <name>David Smith</name>
        </respStmt>
        <funder n="org:AnnCPB">The Annenberg CPB/Project</funder>

      </titleStmt>
      <publicationStmt>
        <publisher>Trustees of Tufts University</publisher>
        <pubPlace>Medford, MA</pubPlace>
        <authority>Perseus Project</authority>
      </publicationStmt>





      <sourceDesc>
        <bibl>
          <author>Anonymous</author>
          <title>The Homeric Hymns and Homerica with an English Translation by Hugh G. Evelyn-White.
            Homeric Hymns</title>
          <publisher>Cambridge, MA.,Harvard University Press; London, William Heinemann
            Ltd.</publisher>
          <date>1914</date>
        </bibl>
      </sourceDesc>

    </fileDesc>
    
    <encodingDesc>
      <refsDecl n="CTS">
        <cRefPattern n="line" matchPattern="(\\w+)" replacementPattern="#xpath(/tei:TEI/tei:text/tei:body//tei:l[@n=\'$1\'])">
          <p>This pointer pattern extracts line</p>
        </cRefPattern>
      </refsDecl>
      <refsDecl>
        <refState unit="line"/>
      </refsDecl>
      <!--<refsDecl>
	<refState n="chunk" unit="card"/>
      </refsDecl>-->
    </encodingDesc>

    <profileDesc>
      <langUsage>
        <language ident="grc">Greek</language>
      </langUsage>
    </profileDesc>

    <revisionDesc>
      <change when="1988-01-01" who="Bill Merrill">Text keyboarded in the Philippines.  Basic SGML tagging by Bill Merrill</change>
      <change when="1993-08-01" who="EM">Go over text, check cardbreaks, and change tags to be more TEI conformant.</change>
      <change when="2014-07-01" who="Stella Dee">split composite text and converted to unicode</change>   
      <change when="2014-08-01" who="Stella Dee">edited markup</change>
      <change when="2015-12-14" who="Lisa Cerrato">fixed incorrect text</change>
      <change when="2016-01-15" who="Lisa Cerrato">EpiDoc conversion and CTS related changes</change>
    </revisionDesc>

  </teiHeader>
  
  <text xml:lang="grc">
    <body>
      <div type="edition" xml:lang="grc" n="urn:cts:greekLit:tlg0013.tlg019.perseus-grc2">
      <head>Εἲς Πᾶνα</head>

      <milestone unit="card" n="1" ed="P"/>
      <l n="1"><milestone unit="Para" ed="P"/>ἀμφί μοι Ἑρμείαο φίλον γόνον ἔννεπε, Μοῦσα, </l>
      <l n="2">αἰγιπόδην, δικέρωτα, φιλόκροτον, ὅστ’ ἀνὰ πίση </l>
      <l n="3">δενδρήεντ’ ἄμυδις φοιτᾷ χορογηθέσι νύμφαις, </l>
      <l n="4">αἵ τε κατ’ αἰγίλιπος πέτρης στείβουσι κάρηνα </l>
      <l n="5">Πᾶν’ ἀνακεκλόμεναι, νόμιον θεόν, ἀγλαέθειρον, </l>
      <l n="6">αὐχμήενθ᾽, ὃς πάντα λόφον νιφόεντα λέλογχε </l>
      <l n="7">καὶ κορυφὰς ὀρέων καὶ πετρήεντα κάρηνα. </l>
      <l n="8">φοιτᾷ δ’ ἔνθα καὶ ἔνθα διὰ ῥωπήια πυκνά, </l>
      <l n="9">ἄλλοτε μὲν ῥείθροισιν ἐφελκόμενος μαλακοῖσιν, </l>
      <l n="10">ἄλλοτε δ’ αὖ πέτρῃσιν ἐν ἠλιβάτοισι διοιχνεῖ, </l>
      <l n="11">ἀκροτάτην κορυφὴν μηλοσκόπον εἰσαναβαίνων. </l>
      <l n="12">πολλάκι δ’ ἀργινόεντα διέδραμεν οὔρεα μακρά, </l>
      <l n="13">πολλάκι δ’ ἐν κνημοῖσι διήλασε θῆρας ἐναίρων, </l>
      <l n="14">ὀξέα δερκόμενος·  τότε δ’ ἕσπερος ἔκλαγεν οἶον </l>
      <l n="15">ἄγρης ἐξανιών, δονάκων ὕπο μοῦσαν ἀθύρων </l>
      <l n="16">νήδυμον·  οὐκ ἂν τόν γε παραδράμοι ἐν μελέεσσιν </l>
      <l n="17">ὄρνις, ἥτ’ ἔαρος πολυανθέος ἐν πετάλοισι </l>
      <l n="18">θρῆνον ἐπιπροχέουσ’ ἀχέει μελίγηρυν ἀοιδήν. </l>
      <l n="19">σὺν δέ σφιν τότε Νύμφαι ὀρεστιάδες λιγύμολποι </l>
      <l n="20">φοιτῶσαι πύκα ποσσὶν ἐπὶ κρήνῃ μελανύδρῳ </l>
      <l n="21">μέλπονται·  κορυφὴν δὲ περιστένει οὔρεος Ἠχώ·  </l>
      <l n="22">δαίμων δ’ ἔνθα καὶ ἔνθα χορῶν, τοτὲ δ’ ἐς μέσον ἕρπων, </l>
      <l n="23">πυκνὰ ποσὶν διέπει, λαῖφος δ’ ἐπὶ νῶτα δαφοινὸν </l>
      <l n="24">λυγκὸς ἔχει, λιγυρῇσιν ἀγαλλόμενος φρένα μολπαῖς </l>
      <l n="25">ἐν μαλακῷ λειμῶνι, τόθι κρόκος ἠδ’ ὑάκινθος </l>
      <l n="26">εὐώδης θαλέθων καταμίσγεται ἄκριτα ποίῃ. </l>
      <l n="27"><milestone unit="Para" ed="P"/>ὑμνεῦσιν δὲ θεοὺς μάκαρας καὶ μακρὸν Ὄλυμπον·  </l>
      <l n="28">οἷόν θ’ Ἑρμείην ἐριούνιον ἔξοχον ἄλλων </l>
      <l n="29">ἔννεπον, ὡς ὅ γ’ ἅπασι θεοῖς θοὸς ἄγγελός ἐστι, </l>
      <l n="30">καί ῥ’ ὅ γ’ ἐς Ἀρκαδίην πολυπίδακα, μητέρα μήλων, </l>
      <l n="31">ἐξίκετ᾽, ἔνθα τέ οἱ τέμενος Κυλληνίου ἐστίν. </l>
      <l n="32">ἔνθ’ ὅ γε καὶ θεὸς ὢν ψαφαρότριχα μῆλ’ ἐνόμευεν </l>
      <l n="33">ἀνδρὶ πάρα θνητῷ θάλε γὰρ πόθος ὑγρὸς ἐπελθὼν </l>
      <l n="34">νύμφῃ ἐυπλοκάμῳ Δρύοπος φιλότητι μιγῆναι·  </l>
      <l n="35">ἐκ δ’ ἐτέλεσσε γάμον θαλερόν. τέκε δ’ ἐν μεγάροισιν </l>
      <l n="36">Ἑρμείῃ φίλον υἱόν, ἄφαρ τερατωπὸν ἰδέσθαι, </l>
      <l n="37">αἰγιπόδην, δικέρωτα, φιλόκροτον, ἡδυγέλωτα·  </l>
      <l n="38">φεῦγε δ’ ἀναΐξασα, λίπεν δ’ ἄρα παῖδα τιθήνη </l>
      <l n="39">δεῖσε γάρ, ὡς ἴδεν ὄψιν ἀμείλιχον, ἠυγένειον. </l>
      <l n="40">τὸν δ’ αἶψ’ Ἑρμείας ἐριούνιος εἰς χέρα θῆκε </l>
      <l n="41">δεξάμενος, χαῖρεν δὲ νόῳ περιώσια δαίμων. </l>
      <l n="42">ῥίμφα δ’ ἐς ἀθανάτων ἕδρας κίε παῖδα καλύψας </l>
      <l n="43">δέρμασιν ἐν πυκινοῖσιν ὀρεσκῴοιο λαγωοῦ </l>
      <l n="44">πὰρ δὲ Ζηνὶ κάθιζε καὶ ἄλλοις ἀθανάτοισι, </l>
      <l n="45">δεῖξε δὲ κοῦρον ἑόν·  πάντες δ’ ἄρα θυμὸν ἔτερφθεν </l>
      <l n="46">ἀθάνατοι, περίαλλα δ’ ὁ Βάκχειος Διόνυσος·  </l>
      <l n="47">Πᾶνα δέ μιν καλέεσκον, ὅτι φρένα πᾶσιν ἔτερψε. </l>
      <l n="48"><milestone unit="Para" ed="P"/>καὶ σὺ μὲν οὕτω χαῖρε, ἄναξ, ἵλαμαι δέ σ’ ἀοιδῇ </l>
      <l n="49">αὐτὰρ ἐγὼ καὶ σεῖο καὶ ἄλλης μνήσομ’ ἀοιδῆς.</l>
      </div>
    </body>
  </text>
</TEI>