<?xml version="1.0" encoding="UTF-8"?>
<?xml-model href="http://www.stoa.org/epidoc/schema/8.19/tei-epidoc.rng"
schematypens="http://relaxng.org/ns/structure/1.0"?>
<?xml-model href="http://www.stoa.org/epidoc/schema/8.19/tei-epidoc.rng"
schematypens="http://purl.oclc.org/dsdl/schematron"?>
<TEI xmlns="http://www.tei-c.org/ns/1.0">  
  <teiHeader>
    <fileDesc>
      <titleStmt>
        <title>Hymn 6 To Aphrodite</title>
        
        <editor role="translator">Hugh G. Evelyn-White</editor>
        <sponsor>Perseus Project, Tufts University</sponsor>
        <principal>Gregory Crane</principal>
        <respStmt>
          <resp>Prepared under the supervision of</resp>
          <name>Lisa Cerrato</name>
          <name>William Merrill</name>
          <name>Elli Mylonas</name>
          <name>David Smith</name>
        </respStmt>
        <funder n="org:AnnCPB">The Annenberg CPB/Project</funder>

      </titleStmt>
      <publicationStmt>
        <publisher>Trustees of Tufts University</publisher>
        <pubPlace>Medford, MA</pubPlace>
        <authority>Perseus Project</authority>
      </publicationStmt>





      <sourceDesc>
        <bibl>
          <author>Anonymous</author>
          <title>The Homeric Hymns and Homerica with an English Translation by Hugh G. Evelyn-White.
            Homeric Hymns</title>
          <publisher>Cambridge, MA.,Harvard University Press; London, William Heinemann
            Ltd.</publisher>
          <date>1914</date>
        </bibl>
      </sourceDesc>

    </fileDesc>

    <encodingDesc>
      <refsDecl n="CTS">
        <cRefPattern n="line"
          matchPattern="(\\w+)"
          replacementPattern="#xpath(/tei:TEI/tei:text/tei:body//tei:l[@n=\'$1\'])">
          <p>This pointer pattern extracts line</p>
        </cRefPattern>
      </refsDecl>
      <refsDecl>
        <refState unit="line"/>
      </refsDecl>
      <!--<refsDecl>
	<refState n="chunk" unit="card"/>
      </refsDecl>-->    
    </encodingDesc>

    <profileDesc>
      <langUsage>
        <language ident="eng">English</language>
        <language ident="grc">Greek</language>
        <!--<language ident="xgreek">Transliterated Greek</language>-->
      </langUsage>
    </profileDesc>

    <revisionDesc>
      <change when="1988-01-01" who="Bill Merrill">Text keyboarded in the Philippines.  Basic SGML tagging by Bill Merrill</change>
      <change when="1993-08-01" who="EM">Go over text, check cardbreaks, and change tags to be more TEI conformant.</change>
      <change when="2014-07-01" who="Stella Dee">split composite text and converted to unicode</change>
      <change when="2014-08-01" who="Stella Dee">edited markup</change>
      <change when="2015-12-11" who="Lisa Cerrato">fixing titles and headers</change>
      <change when="2016-01-11" who="Lisa Cerrato">EpiDoc conversion and CTS related changes</change>
      <change when="2014-10-01" who="Stella Dee">edited markup</change>
      <change when="2015-12-11" who="Lisa Cerrato">fixing titles and headers</change>
      <change when="2016-01-12" who="Lisa Cerrato">EpiDoc conversion and CTS related changes</change>
    </revisionDesc>

  </teiHeader>
  <text xml:lang="eng">
    <body>
      <div type="translation" xml:lang="eng" n="urn:cts:greekLit:tlg0013.tlg006.perseus-eng2">
      <head>To Aphrodite</head>
      <milestone n="1" unit="card"/>
      <l n="1"><milestone unit="Para" ed="P"/>I will sing of stately Aphrodite, gold-crowned and beautiful, 
        whose dominion is the walled cities of all sea-set <placeName key="tgn,1000112">Cyprus</placeName>. 
        There the moist breath of the western wind wafted her over the waves of the loud-moaning sea </l>
      <l n="5">in soft foam, and there the gold-filleted Hours welcomed her joyously. 
        They clothed her with heavenly garments: 
        on her head they put a fine, well-wrought crown of gold, 
        and in her pierced ears they hung ornaments of orichalc and precious gold, </l>
      <l n="10">and adorned her with golden necklaces over her soft neck and snow-white breasts, jewels 
        which the gold-filleted Hours wear themselves whenever they go 
        to their father's house to join the lovely dances of the gods. And when they had fully decked her, </l>
      <l n="15">they brought her to the gods, who welcomed her when they saw her, 
        giving her their hands. Each one of them prayed that he might lead her home to be his wedded wife, 
        so greatly were they amazed at the beauty of violet-crowned Cytherea.
        <milestone unit="Para" ed="P"/>Hail, sweetly-winning, coy-eyed goddess! 
        Grant that I may gain the victory in this contest, </l>
      <l n="20">and order you my song. And now I will remember you and another song also.</l>
      </div>
   </body>
  </text>
</TEI>
