<?xml version="1.0" encoding="UTF-8"?>
<?xml-model href="http://www.stoa.org/epidoc/schema/8.19/tei-epidoc.rng"
schematypens="http://relaxng.org/ns/structure/1.0"?>
<?xml-model href="http://www.stoa.org/epidoc/schema/8.19/tei-epidoc.rng"
schematypens="http://purl.oclc.org/dsdl/schematron"?>
<TEI xmlns="http://www.tei-c.org/ns/1.0">
  <teiHeader>
    <fileDesc>
      <titleStmt>
        <title>Hymn 22 To Poseidon</title>
        
        <editor>Hugh G. Evelyn-White</editor>
        <sponsor>Perseus Project, Tufts University</sponsor>
        <principal>Gregory Crane</principal>
        <respStmt>
          <resp>Prepared under the supervision of</resp>
          <name>Lisa Cerrato</name>
          <name>William Merrill</name>
          <name>Elli Mylonas</name>
          <name>David Smith</name>
        </respStmt>
        <funder n="org:AnnCPB">The Annenberg CPB/Project</funder>

      </titleStmt>
      <publicationStmt>
        <publisher>Trustees of Tufts University</publisher>
        <pubPlace>Medford, MA</pubPlace>
        <authority>Perseus Project</authority>
      </publicationStmt>





      <sourceDesc>
        <bibl>
          <author>Anonymous</author>
          <title>The Homeric Hymns and Homerica with an English Translation by Hugh G. Evelyn-White.
            Homeric Hymns</title>
          <publisher>Cambridge, MA.,Harvard University Press; London, William Heinemann
            Ltd.</publisher>
          <date>1914</date>
        </bibl>
      </sourceDesc>

    </fileDesc>

    <encodingDesc>
      <refsDecl n="CTS">
        <cRefPattern n="line"
          matchPattern="(\\w+)"
          replacementPattern="#xpath(/tei:TEI/tei:text/tei:body//tei:l[@n=\'$1\'])">
          <p>This pointer pattern extracts line</p>
        </cRefPattern>
      </refsDecl>
      <refsDecl>
        <refState unit="line"/>
      </refsDecl>
      <!--<refsDecl>
	<refState n="chunk" unit="card"/>
      </refsDecl>-->
    </encodingDesc>

    <profileDesc>
      <langUsage>
        <language ident="grc">Greek</language>
      </langUsage>
    </profileDesc>

    <revisionDesc>
        <change when="1988-01-01" who="Bill Merrill">Text keyboarded in the Philippines.  Basic SGML tagging by Bill Merrill</change>
        <change when="1993-08-01" who="EM">Go over text, check cardbreaks, and change tags to be more TEI conformant.</change>
        <change when="2014-07-01" who="Stella Dee">split composite text and converted to unicode</change>   
        <change when="2014-08-01" who="Stella Dee">edited markup</change>
        <change when="2015-12-11" who="Lisa Cerrato">fixing titles and headers</change>
        <change when="2016-01-15" who="Lisa Cerrato">EpiDoc conversion and CTS related changes</change>
      
    </revisionDesc>

  </teiHeader>
  <text xml:lang="grc">
    <body>
      <div type="edition" xml:lang="grc" n="urn:cts:greekLit:tlg0013.tlg022.perseus-grc2">
        
      <head>Εἲς Ποσειδῶνα</head>
      

        <milestone unit="card" n="1" ed="P"/>
        <l n="1"><milestone unit="Para" ed="P"/>ἀμφὶ Ποσειδάωνα, μέγαν θεόν, ἄρχομʼ ἀείδειν, </l>
        <l n="2">γαίης κινητῆρα καὶ ἀτρυγέτοιο θαλάσσης, </l>
        <l n="3">πόντιον, ὅσθʼ Ἑλικῶνα καὶ εὐρείας ἔχει Αἰγάς. </l>
        <l n="4">διχθά τοι, Ἐννοσίγαιε, θεοὶ τιμὴν ἐδάσαντο, </l>
        <l n="5">ἵππων τε δμητῆρʼ ἔμεναι σωτῆρά τε νηῶν. </l>
        <l n="6"><milestone unit="Para" ed="P"/>χαῖρε, Ποσείδαον γαιήοχε, κυανοχαῖτα, </l>
        <l n="7">καί, μάκαρ, εὐμενὲς ἦτορ ἔχων πλώουσιν ἄρηγε. </l>
      
      </div>
    </body>
  </text>
</TEI>
