<?xml version="1.0" encoding="UTF-8"?>
<?xml-model href="http://www.stoa.org/epidoc/schema/8.19/tei-epidoc.rng"
schematypens="http://relaxng.org/ns/structure/1.0"?>
<?xml-model href="http://www.stoa.org/epidoc/schema/8.19/tei-epidoc.rng"
schematypens="http://purl.oclc.org/dsdl/schematron"?>
<TEI xmlns="http://www.tei-c.org/ns/1.0">
  <teiHeader>
    <fileDesc>
      <titleStmt>
        <title>Hymn 18 To Hermes</title>
        
        <editor role="translator">Hugh G. Evelyn-White</editor>
        <sponsor>Perseus Project, Tufts University</sponsor>
        <principal>Gregory Crane</principal>
        <respStmt>
          <resp>Prepared under the supervision of</resp>
          <name>Lisa Cerrato</name>
          <name>William Merrill</name>
          <name>Elli Mylonas</name>
          <name>David Smith</name>
        </respStmt>
        <funder n="org:AnnCPB">The Annenberg CPB/Project</funder>

      </titleStmt>
      <publicationStmt>
        <publisher>Trustees of Tufts University</publisher>
        <pubPlace>Medford, MA</pubPlace>
        <authority>Perseus Project</authority>
      </publicationStmt>

      <sourceDesc>
        <bibl>
          <author>Anonymous</author>
          <title>The Homeric Hymns and Homerica with an English Translation by Hugh G. Evelyn-White.
            Homeric Hymns</title>
          <publisher>Cambridge, MA.,Harvard University Press; London, William Heinemann
            Ltd.</publisher>
          <date>1914</date>
        </bibl>
      </sourceDesc>

    </fileDesc>

    <encodingDesc>
      <refsDecl n="CTS">
        <cRefPattern n="line"
          matchPattern="(\\w+)"
          replacementPattern="#xpath(/tei:TEI/tei:text/tei:body//tei:l[@n=\'$1\'])">
          <p>This pointer pattern extracts line</p>
        </cRefPattern>
      </refsDecl>
      <refsDecl>
        <refState unit="line"/>
      </refsDecl>
      <!--<refsDecl>
	<refState n="chunk" unit="card"/>
      </refsDecl>-->
    </encodingDesc>

    <profileDesc>
      <langUsage>
        <language ident="eng">English</language>
        <language ident="grc">Greek</language>
        <!-- <language ident="xgreek">Transliterated Greek</language> -->
      </langUsage>
    </profileDesc>

    <revisionDesc>
      <change when="1988-01-01" who="Bill Merrill">Text keyboarded in the Philippines.  Basic SGML tagging by Bill Merrill</change>
      <change when="1993-08-01" who="EM">Go over text, check cardbreaks, and change tags to be more TEI conformant.</change>
      <change when="2014-07-01" who="Stella Dee">split composite text and converted to unicode</change>
      <change when="2014-10-01" who="Stella Dee">edited markup</change>
      <change when="2015-12-11" who="Lisa Cerrato">fixing titles and headers</change>
      <change when="2015-12-14" who="Lisa Cerrato">fixed incorrect text</change>
      <change when="2016-01-15" who="Lisa Cerrato">EpiDoc conversion and CTS related changes</change>
    </revisionDesc>

  </teiHeader>
  <text xml:lang="en">
    <body>
      <div type="translation" xml:lang="eng" n="urn:cts:greekLit:tlg0013.tlg018.perseus-eng2">
      <head>To Hermes</head>
      <milestone n="1" unit="card"/>
          <l n="1"><milestone unit="Para" ed="P"/>I sing of Cyllenian Hermes, the Slayer of Argus, lord of Cyllene and <placeName key="tgn,7002735">Arcadia</placeName> rich in flocks, luck-bringing messenger of the deathless gods. He was born of Maia, the daughter of Atlas, when she had mated with Zeus,—</l>
          <l n="5">a shy goddess she. Ever she avoided the throng of the blessed gods and lived in a shadowy cave, and there the Son of Cronos used to lie with the rich-tressed nymph at dead of night, while white-armed Hera lay bound in sweet sleep: and neither deathless god nor mortal man knew it.</l>
          <l n="10"><milestone unit="Para" ed="P"/>And so hail to you, Son of Zeus and Maia; with you I have begun: now I will turn to another song!<milestone unit="Para" ed="P"/>Hail, Hermes, giver of grace, guide, and giver of good things! </l>
      </div>
    </body>
  </text>
</TEI>
