<?xml version="1.0" encoding="UTF-8"?>
<?xml-model href="http://www.stoa.org/epidoc/schema/8.19/tei-epidoc.rng"
schematypens="http://relaxng.org/ns/structure/1.0"?>
<?xml-model href="http://www.stoa.org/epidoc/schema/8.19/tei-epidoc.rng"
schematypens="http://purl.oclc.org/dsdl/schematron"?>
<TEI xmlns="http://www.tei-c.org/ns/1.0">
  <teiHeader>
    <fileDesc>
      <titleStmt>
        <title>Hymn 29 To Hestia</title>
        
        <editor>Hugh G. Evelyn-White</editor>
        <sponsor>Perseus Project, Tufts University</sponsor>
        <principal>Gregory Crane</principal>
        <respStmt>
          <resp>Prepared under the supervision of</resp>
          <name>Lisa Cerrato</name>
          <name>William Merrill</name>
          <name>Elli Mylonas</name>
          <name>David Smith</name>
        </respStmt>
        <funder n="org:AnnCPB">The Annenberg CPB/Project</funder>

      </titleStmt>
      <publicationStmt>
        <publisher>Trustees of Tufts University</publisher>
        <pubPlace>Medford, MA</pubPlace>
        <authority>Perseus Project</authority>
      </publicationStmt>





      <sourceDesc>
        <bibl>
          <author>Anonymous</author>
          <title>The Homeric Hymns and Homerica with an English Translation by Hugh G. Evelyn-White.
            Homeric Hymns</title>
          <publisher>Cambridge, MA.,Harvard University Press; London, William Heinemann
            Ltd.</publisher>
          <date>1914</date>
        </bibl>
      </sourceDesc>

    </fileDesc>

    <encodingDesc>
      <refsDecl n="CTS">
        <cRefPattern n="line"
          matchPattern="(\\w+)"
          replacementPattern="#xpath(/tei:TEI/tei:text/tei:body//tei:l[@n=\'$1\'])">
          <p>This pointer pattern extracts line</p>
        </cRefPattern>
      </refsDecl>
      <refsDecl>
        <refState unit="line"/>
      </refsDecl>
      <!--<refsDecl>
	<refState n="chunk" unit="card"/>
      </refsDecl>-->
    </encodingDesc>

    <profileDesc>
      <langUsage>
        <language ident="grc">Greek</language>
      </langUsage>
    </profileDesc>

    <revisionDesc>
      <change when="1988-01-01" who="Bill Merrill">Text keyboarded in the Philippines.  Basic SGML tagging by Bill Merrill</change>
      <change when="1993-08-01" who="EM">Go over text, check cardbreaks, and change tags to be more TEI conformant.</change>
      <change when="2014-07-01" who="Stella Dee">split composite text and converted to unicode</change>  
      <change when="2014-10-01" who="Stella Dee">edited markup</change>
      <change when="2015-12-11" who="Lisa Cerrato">fixing titles and headers</change>
      <change when="2015-12-14" who="Lisa Cerrato">fixed incorrect text</change>
      <change when="2016-01-15" who="Lisa Cerrato">EpiDoc conversion and CTS related changes</change>
    </revisionDesc>

  </teiHeader>
  <text xml:lang="grc">
    <body>
      <div type="edition" xml:lang="grc" n="urn:cts:greekLit:tlg0013.tlg029.perseus-grc2">
      <head>Εἲς Ἑστίαν</head>
     
     

        <milestone unit="card" n="1" ed="P"/>
        <l n="1"><milestone unit="Para" ed="P"/>ἑστίη, ἣ πάντων ἐν δώμασιν ὑψηλοῖσιν </l>
        <l n="2">ἀθανάτων τε θεῶν χαμαὶ ἐρχομένων τ’ ἀνθρώπων </l>
        <l n="3">ἕδρην ἀίδιον ἔλαχες, πρεσβηίδα τιμήν, </l>
        <l n="4">καλὸν ἔχουσα γέρας καὶ τίμιον·  οὐ γὰρ ἄτερ σοῦ </l>
        <l n="5">εἰλαπίναι θνητοῖσιν, ἵν’ οὐ πρώτῃ πυμάτῃ τε </l>
        <l n="6">Ἑστίῃ ἀρχόμενος σπένδει μελιηδέα οἶνον·  </l>
        <l n="7">καὶ σύ μοι, Ἀργειφόντα, Διὸς καὶ Μαιάδος υἱέ, </l>
        <l n="8">ἄγγελε τῶν μακάρων, χρυσόρραπι, δῶτορ ἐάων, </l>
        <l n="10">ἵλαος ὢν ἐπάρηγε σὺν αἰδοίῃ τε φίλῃ τε. </l>
        <l n="9">5ναίετε δώματα καλά, φίλα φρεσὶν ἀλλήλοισιν </l>
        <l n="11">εἰδότες·  ἀμφότεροι γὰρ ἐπιχθονίων ἀνθρώπων </l>
        <l n="12">εἰδότες ἔργματα καλὰ νόῳ θ’ ἕσπεσθε καὶ ἥβῃ. </l>
        <l n="13"><milestone unit="Para" ed="P"/>χαῖρε, Κρόνου θύγατερ, σύ τε καὶ χρυσόρραπις Ἑρμῆς·  </l>
        <l n="14">αὐτὰρ ἐγὼν ὑμέων τε καὶ ἄλλης μνήσομ’ ἀοιδῆς.</l>

      </div>
     
    </body>
  </text>
</TEI>
