<?xml version="1.0" encoding="UTF-8"?>
<?xml-model href="http://www.stoa.org/epidoc/schema/8.19/tei-epidoc.rng"
schematypens="http://relaxng.org/ns/structure/1.0"?>
<?xml-model href="http://www.stoa.org/epidoc/schema/8.19/tei-epidoc.rng"
schematypens="http://purl.oclc.org/dsdl/schematron"?>
<TEI xmlns="http://www.tei-c.org/ns/1.0">
<teiHeader>
      <fileDesc>
         <titleStmt>
            <title>Hymn 19 To Pan</title>
	           
	           <editor role="translator">Hugh G. Evelyn-White</editor>
	           <sponsor>Perseus Project, Tufts University</sponsor>
		          <principal>Gregory Crane</principal>
		          <respStmt>
		             <resp>Prepared under the supervision of</resp>
		             <name>Lisa Cerrato</name>
		             <name>William Merrill</name>
		             <name>Elli Mylonas</name>
		             <name>David Smith</name>
		          </respStmt>
	           <funder n="org:AnnCPB">The Annenberg CPB/Project</funder>
         </titleStmt>

         <extent>about 159Kb</extent>

         <publicationStmt>
		          <publisher>Trustees of Tufts University</publisher>
		          <pubPlace>Medford, MA</pubPlace>
		          <authority>Perseus Project</authority>
		       </publicationStmt>

         <sourceDesc>
	           <bibl>	  
               <author>Anonymous</author>
	              <title>The Homeric Hymns and Homerica
with an English Translation by Hugh G. Evelyn-White.
Homeric Hymns</title>
	              <publisher>Cambridge, MA.,Harvard University Press; London, William Heinemann Ltd.</publisher>
	              <date>1914</date>
	           </bibl>
         </sourceDesc>

      </fileDesc>

   <encodingDesc>
      <refsDecl n="CTS">
         <cRefPattern n="line"
            matchPattern="(\\w+)"
            replacementPattern="#xpath(/tei:TEI/tei:text/tei:body//tei:l[@n=\'$1\'])">
            <p>This pointer pattern extracts line</p>
         </cRefPattern>
      </refsDecl>
      <refsDecl>
         <refState unit="line"/>
      </refsDecl>
      <!--<refsDecl>
	<refState n="chunk" unit="card"/>
      </refsDecl>-->
   </encodingDesc>

      <profileDesc>
         <langUsage>
	           <language ident="eng">English</language>
	           <language ident="grc">Greek</language>
	           <!-- <language ident="xgreek">Transliterated Greek</language> -->
         </langUsage>
      </profileDesc>

      <revisionDesc>
            <change when="1988-01-01" who="Bill Merrill">Text keyboarded in the Philippines.  Basic SGML tagging by Bill Merrill</change>
            <change when="1993-08-01" who="EM">Go over text, check cardbreaks, and change tags to be more TEI conformant.</change>
            <change when="2014-05-25" who="Bridget Almas">split composite text</change>   
            <change when="2015-12-11" who="Lisa Cerrato">fixing titles and headers</change>
            <change when="2016-01-15" who="Lisa Cerrato">EpiDoc conversion and CTS related changes</change>
      </revisionDesc>

  </teiHeader>
   <text xml:lang="eng">
      <body>
         <div type="translation" xml:lang="eng" n="urn:cts:greekLit:tlg0013.tlg019.perseus-eng2">
            <head>Εἲς Ἑρμῆν</head>
		          <head>To Pan</head>
		          <milestone ed="P" n="1" unit="card"/>

               <l n="1">Muse, tell me about Pan, the dear son of Hermes, with his goat's feet and two horns —a lover of merry noise. Through wooded glades he wanders with dancing nymphs who foot it on some sheer cliff's edge, </l>
               <l n="5">calling upon Pan, the shepherd-god, long-haired, unkempt. He has every snowy crest and the mountain peaks and rocky crests for his domain; hither and thither he goes through the close thickets, now lured by soft streams, </l>
               <l n="10">and now he presses on amongst towering crags and climbs up to the highest peak that overlooks the flocks. Often he courses through the glistening high mountains, and often on the shouldered hills he speeds along slaying wild beasts, this keen-eyed god. Only at evening, </l>
               <l n="15">as he returns from the chase, he sounds his note, playing sweet and low on his pipes of reed: not even she could excel him in melody —that bird who in flower-laden spring pouring forth her lament utters honey-voiced song amid the leaves. At that hour the clear-voiced nymphs are with him and </l>
               <l n="20">move with nimble feet, singing by some spring of dark water, while Echo wails about the mountain-top, and the god on this side or on that of the choirs, or at times sidling into the midst, plies it nimbly with his feet. On his back he wears a spotted lynx-pelt, and he delights in high-pitched songs </l>
            <l n="25">in a soft meadow where crocuses and sweet-smelling hyacinths bloom at random in the grass. <milestone unit="Para" ed="P"/>They sing of the blessed gods and high <placeName key="tgn,7011019">Olympus</placeName> and choose to tell of such an one as luck-bringing Hermes above the rest, how he is the swift messenger of all the gods, </l>
               <l n="30">and how he came to <placeName key="tgn,7002735">Arcadia</placeName>, the land of many springs and mother of flocks, there where his sacred place is as god of Cyllene. For there, though a god, he used to tend curly-fleeced sheep in the service of a mortal man, because there fell on him and waxed strong melting desire to wed the rich-tressed daughter of Dryops, </l>
               <l n="35">and there he brought about the merry marriage. And in the house she bare Hermes a dear son who from his birth was marvellous to look upon, with goat's feet and two horns —a noisy, merry-laughing child. But when the nurse saw his uncouth face and full beard, she was afraid and sprang up and fled and left the child. </l>
            <l n="40">Then luck-bringing Hermes received him and took him in his arms: very glad in his heart was the god. And he went quickly to the abodes of the deathless gods, carrying his son wrapped in warm skins of mountain hares, and set him down beside Zeus </l>
               <l n="45">and showed him to the rest of the gods. Then all the immortals were glad in heart and Bacchic Dionysus in especial; and they called the boy Pan <note anchored="true" resp="ed" place="unspecified">The name Pan is here derived from <foreign xml:lang="grc">πάντες</foreign> “all.” Cp. <bibl n="Hes. WD 80-82">Hesiod, <title>Works and Days</title> 80-82</bibl>, <bibl n="HH 5.198"><title>Hymn to Aphrodite</title> (v) 198</bibl>, for the significance of personal names.</note> because he delighted all their hearts.
            <milestone unit="Para" ed="P"/>And so hail to you, lord! I seek your favour with a song. And now I will remember you and another song also.</l>
         </div>         
      </body>
   </text>
</TEI>
