<?xml version="1.0" encoding="UTF-8"?>
<TEI xmlns="http://www.tei-c.org/ns/1.0">
  <teiHeader>
      <fileDesc>
         <titleStmt>
            <title>Hymn 28 To Athena</title>
            
            <editor role="translator">Hugh G. Evelyn-White</editor>
            <sponsor>Perseus Project, Tufts University</sponsor>
            <principal>Gregory Crane</principal>
            <respStmt>
               <resp>Prepared under the supervision of</resp>
               <name>Lisa Cerrato</name>
               <name>William Merrill</name>
               <name>Elli Mylonas</name>
               <name>David Smith</name>
            </respStmt>
            <funder n="org:AnnCPB">The Annenberg CPB/Project</funder>

         </titleStmt>
         <publicationStmt>
            <publisher>Trustees of Tufts University</publisher>
            <pubPlace>Medford, MA</pubPlace>
            <authority>Perseus Project</authority>
         </publicationStmt>

         <sourceDesc>
            <bibl>
               <author>Anonymous</author>
               <title>The Homeric Hymns and Homerica with an English Translation by Hugh G. Evelyn-White.
            Homeric Hymns</title>
               <publisher>Cambridge, MA.,Harvard University Press; London, William Heinemann
            Ltd.</publisher>
               <date>1914</date>
            </bibl>
         </sourceDesc>

      </fileDesc>

     <encodingDesc>
        <refsDecl n="CTS">
           <cRefPattern n="line"
              matchPattern="(\\w+)"
              replacementPattern="#xpath(/tei:TEI/tei:text/tei:body//tei:l[@n=\'$1\'])">
              <p>This pointer pattern extracts line</p>
           </cRefPattern>
        </refsDecl>
        <refsDecl>
           <refState unit="line"/>
        </refsDecl>
        <!--<refsDecl>
	<refState n="chunk" unit="card"/>
      </refsDecl>-->
     </encodingDesc>

      <profileDesc>
         <langUsage>
            <language ident="eng">English</language>
            <language ident="grc">Greek</language>
           <!-- <language ident="xgreek">Transliterated Greek</language> -->
         </langUsage>
      </profileDesc>

      <revisionDesc>
         
         <change when="1988-01-01" who="Bill Merrill">Text keyboarded in the Philippines.  Basic SGML tagging by Bill Merrill</change>
         <change when="1993-08-01" who="EM">Go over text, check cardbreaks, and change tags to be more TEI conformant.</change>
         <change when="2014-07-01" who="Stella Dee">split composite text and converted to unicode</change>  
         <change when="2014-10-01" who="Stella Dee">edited markup</change>
         <change when="2015-12-11" who="Lisa Cerrato">fixing titles and headers</change>
         <change when="2015-12-14" who="Lisa Cerrato">fixed incorrect text</change>
         <change when="2016-01-15" who="Lisa Cerrato">EpiDoc conversion and CTS related changes</change>
      </revisionDesc>

         
  </teiHeader>
  <text xml:lang="eng">
      <body>
         <div type="translation" xml:lang="eng" n="urn:cts:greekLit:tlg0013.tlg028.perseus-eng2">
         <head>To Athena</head>
         <milestone n="1" unit="card"/>
         <l n="1"><milestone unit="Para" ed="P"/>I begin to sing of Pallas Athena, the glorious goddess, bright-eyed, inventive, unbending of heart, pure virgin, saviour of cities, courageous, Tritogeneia. Wise Zeus himself bare her </l>
         <l n="5">from his awful head, arrayed in warlike arms of flashing gold, and awe seized all the gods as they gazed. But Athena sprang quickly from the immortal head and stood before Zeus who holds the aegis, shaking a sharp spear: great <placeName key="tgn,7011019">Olympus</placeName> began to reel horribly </l>
         <l n="10">at the might of the bright-eyed goddess, and earth round about cried fearfully, and the sea was moved and tossed with dark waves, while foam burst forth suddenly: the bright Son of Hyperion stopped his swift-footed horses a long while, until the maiden Pallas Athena </l>
         <l n="15">had stripped the heavenly armour from her immortal shoulders. And wise Zeus was glad. <milestone unit="Para" ed="P"/>And so hail to you, daughter of Zeus who holds the aegis! Now I will remember you and another song as well.</l>
         </div>
      </body>

  </text>
</TEI>
