<?xml version="1.0" encoding="UTF-8"?>
<?xml-model href="http://www.stoa.org/epidoc/schema/8.19/tei-epidoc.rng"
schematypens="http://relaxng.org/ns/structure/1.0"?>
<?xml-model href="http://www.stoa.org/epidoc/schema/8.19/tei-epidoc.rng"
schematypens="http://purl.oclc.org/dsdl/schematron"?>
<TEI xmlns="http://www.tei-c.org/ns/1.0">
  <teiHeader>
    <fileDesc>
      <titleStmt>
        <title>Hymn 33 To the Dioscuri</title>
        
        <editor>Hugh G. Evelyn-White</editor>
        <sponsor>Perseus Project, Tufts University</sponsor>
        <principal>Gregory Crane</principal>
        <respStmt>
          <resp>Prepared under the supervision of</resp>
          <name>Lisa Cerrato</name>
          <name>William Merrill</name>
          <name>Elli Mylonas</name>
          <name>David Smith</name>
        </respStmt>
        <funder n="org:AnnCPB">The Annenberg CPB/Project</funder>

      </titleStmt>
      <publicationStmt>
        <publisher>Trustees of Tufts University</publisher>
        <pubPlace>Medford, MA</pubPlace>
        <authority>Perseus Project</authority>
      </publicationStmt>





      <sourceDesc>
        <bibl>
          <author>Anonymous</author>
          <title>The Homeric Hymns and Homerica with an English Translation by Hugh G. Evelyn-White.
            Homeric Hymns</title>
          <publisher>Cambridge, MA.,Harvard University Press; London, William Heinemann
            Ltd.</publisher>
          <date>1914</date>
        </bibl>
      </sourceDesc>

    </fileDesc>

    <encodingDesc>
      <refsDecl n="CTS">
        <cRefPattern n="line"
          matchPattern="(\\w+)"
          replacementPattern="#xpath(/tei:TEI/tei:text/tei:body//tei:l[@n=\'$1\'])">
          <p>This pointer pattern extracts line</p>
        </cRefPattern>
      </refsDecl>
      <refsDecl>
        <refState unit="line"/>
      </refsDecl>
      <!--<refsDecl>
	<refState n="chunk" unit="card"/>
      </refsDecl>-->
    </encodingDesc>

    <profileDesc>
      <langUsage>
        <language ident="grc">Greek</language>
      </langUsage>
    </profileDesc>

    <revisionDesc>
      <change when="1988-01-01" who="Bill Merrill">Text keyboarded in the Philippines.  Basic SGML tagging by Bill Merrill</change>
      <change when="1993-08-01" who="EM">Go over text, check cardbreaks, and change tags to be more TEI conformant.</change>
      <change when="2014-07-01" who="Stella Dee">split composite text and converted to unicode</change>  
      <change when="2014-08-01" who="Stella Dee">edited markup</change>
      <change when="2015-12-11" who="Lisa Cerrato">fixing titles and headers</change>
      <change when="2015-12-14" who="Lisa Cerrato">fixed incorrect text</change>
      <change when="2016-01-15" who="Lisa Cerrato">EpiDoc conversion and CTS related changes</change>
    </revisionDesc>

  </teiHeader>
  <text xml:lang="grc">
    <body>
      <div type="edition" xml:lang="grc" n="urn:cts:greekLit:tlg0013.tlg033.perseus-grc2">
      
      <head>Εἲς Διοσκούρους</head>
     

        <milestone unit="card" n="1" ed="P"/>
        <l n="1"><milestone unit="Para" ed="P"/>ἀμφὶ Διὸς κούρους, ἑλικώπιδες ἔσπετε Μοῦσαι, </l>
        <l n="2">Τυνδαρίδας, Λήδης καλλισφύρου ἀγλαὰ τέκνα, </l>
        <l n="3">Κάστορά θ’ ἱππόδαμον καὶ ἀμώμητον Πολυδεύκεα, </l>
        <l n="4">τοὺς ὑπὸ Ταϋγέτου κορυφῇ ὄρεος μεγάλοιο </l>
        <l n="5">μιχθεῖσ’ ἐν φιλότητι κελαινεφέι Κρονίωνι </l>
        <l n="6">σωτῆρας τέκε παῖδας ἐπιχθονίων ἀνθρώπων </l>
        <l n="7">ὠκυπόρων τε νεῶν, ὅτε τε σπέρχωσιν ἄελλαι </l>
        <l n="8">χειμέριαι κατὰ πόντον ἀμείλιχον·  οἳ δ’ ἀπὸ νηῶν </l>
        <l n="9">εὐχόμενοι καλέουσι Διὸς κούρους μεγάλοιο </l>
        <l n="10">ἄρνεσσιν λευκοῖσιν, ἐπ’ ἀκρωτήρια βάντες </l>
        <l n="11">πρύμνης·  τὴν δ’ ἄνεμός τε μέγας καὶ κῦμα θαλάσσης </l>
        <l n="12">θῆκαν ὑποβρυχίην·  οἳ δ’ ἐξαπίνης ἐφάνησαν </l>
        <l n="13">ξουθῇσι πτερύγεσσι δι’  αἰθέρος ἀίξαντες, </l>
        <l n="14">αὐτίκα δ’ ἀργαλέων ἀνέμων κατέπαυσαν ἀέλλας, </l>
        <l n="15">κύματα δ’ ἐστόρεσαν λευκῆς ἁλὸς ἐν πελάγεσσι, </l>
        <l n="16">σήματα καλά, πόνου ἀπονόσφισιν·  οἳ δὲ ἰδόντες </l>
        <l n="17">γήθησαν, παύσαντο δ’ ὀιζυροῖο πόνοιο. </l>
        <l n="18"><milestone unit="Para" ed="P"/>χαίρετε, Τυνδαρίδαι, ταχέων ἐπιβήτορες ἵππων·  </l>
        <l n="19">αὐτὰρ ἐγὼν ὑμέων τε καὶ ἄλλης μνήσομ’ ἀοιδῆς.</l>
        
      </div>
    </body>
  </text>
</TEI>
