<?xml version="1.0" encoding="UTF-8"?>
<?xml-model href="http://www.stoa.org/epidoc/schema/8.19/tei-epidoc.rng"
schematypens="http://relaxng.org/ns/structure/1.0"?>
<?xml-model href="http://www.stoa.org/epidoc/schema/8.19/tei-epidoc.rng"
schematypens="http://purl.oclc.org/dsdl/schematron"?>
<TEI xmlns="http://www.tei-c.org/ns/1.0">
  <teiHeader>
    <fileDesc>
      <titleStmt>
        <title>Hymn 1 To Dionysus</title>
        <editor role="translator">Hugh G. Evelyn-White</editor>
        <sponsor>Perseus Project, Tufts University</sponsor>
        <principal>Gregory Crane</principal>
        <respStmt>
          <resp>Prepared under the supervision of</resp>
          <name>Lisa Cerrato</name>
          <name>William Merrill</name>
          <name>Elli Mylonas</name>
          <name>David Smith</name>
        </respStmt>
        <funder n="org:AnnCPB">The Annenberg CPB/Project</funder>

      </titleStmt>
      <publicationStmt>
        <publisher>Trustees of Tufts University</publisher>
        <pubPlace>Medford, MA</pubPlace>
        <authority>Perseus Project</authority>
      </publicationStmt>

      <sourceDesc>
        <bibl>
          <author>Anonymous</author>
          <title>The Homeric Hymns and Homerica with an English Translation
            Homeric Hymns</title>
          <editor role="translator">Hugh G. Evelyn-White</editor>
          <pubPlace>London</pubPlace>
          <publisher>William Heinemann, Ltd.</publisher>
          <pubPlace>New York</pubPlace>
          <publisher>The Macmillan Co.</publisher>
          <date>1914</date>
          <series>
            <title>Loeb Classical Library</title>                        
          </series>
          <ref target="https://archive.org/details/hesiodhomerichym00hesiuoft/">Internet Archive</ref>
        </bibl>        
      </sourceDesc>

    </fileDesc>

    <encodingDesc>
      <refsDecl n="CTS">
        <cRefPattern n="line"
          matchPattern="(\\w+)"
          replacementPattern="#xpath(/tei:TEI/tei:text/tei:body//tei:l[@n=\'$1\'])">
          <p>This pointer pattern extracts line</p>
         </cRefPattern>
      </refsDecl>
        <refsDecl>
          <refState unit="line"/>
      </refsDecl>
      <!--<refsDecl>
	<refState n="chunk" unit="card"/>
      </refsDecl>-->
    </encodingDesc>




    <profileDesc>
      <langUsage>
        <language ident="eng">English</language>
        <language ident="grc">Greek</language>
        <!-- <language ident="xgreek">Transliterated Greek</language> -->
      </langUsage>
    </profileDesc>

    <revisionDesc>
      <change when="1988-01-01" who="Bill Merrill">Text keyboarded in the Philippines.  Basic SGML tagging by Bill Merrill</change>
      <change when="1993-08-01" who="EM">Go over text, check cardbreaks, and change tags to be more TEI conformant.</change>
      <change when="2014-07-01" who="Stella Dee">split speeches and converted to unicode</change>
      <change when="2014-10-01" who="Stella Dee">edited markup</change>
      <change when="2015-12-11" who="Lisa Cerrato">fixing titles and headers</change>
      <change when="2015-12-18" who="Lisa Cerrato">EpiDoc conversion and CTS related changes</change>
    </revisionDesc>

  </teiHeader>
  <text xml:lang="eng">
    <body>
      <div type="translation" xml:lang="eng" n="urn:cts:greekLit:tlg0013.tlg001.perseus-eng2">
      <head>To Dionysus</head>
      <l n="1"><gap reason="lost"/><milestone unit="Para" ed="P"/>For some say, at Dracanum; and some, on windy Icarus; and some, in <placeName
          key="tgn,7012053">Naxos</placeName>, O Heaven-born, Insewn<note anchored="true" resp="ed"
          >Dionysus, after his untimely birth from Semele, was sewn into the thigh of Zeus.</note>;
        and others by the deep-eddying river Alpheus that pregnant Semele bare you to Zeus the
        thunder-lover. </l>
      <l n="5">And others yet, lord, say you were born in <placeName key="perseus,Thebes"
          >Thebes</placeName>; but all these lie. The Father of men and gods gave you birth remote
        from men and secretly from white-armed Hera. There is a certain <placeName
          key="perseus,Nysa">Nysa</placeName>, a mountain most high and richly grown with woods, far
        off in Phoenice, near the streams of <placeName key="tgn,7016833">Aegyptus</placeName>
      </l>
        <l n="10"><gap reason="lost"/><!--<milestone type="startquote"/>-->“and men will lay up for
            her<note anchored="true" resp="ed"><hi rend="ital">sc.</hi> Semele. Zeus is here
            speaking.</note> many offerings in her shrines. And as these things are three,<note
            anchored="true" resp="ed">The reference is apparently to something in the body of the
            hymn, now lost.</note> so shall mortals ever sacrifice perfect hecatombs to you at your
          feasts each three years.”<!--<milestone type="endquote"/>--><milestone unit="Para" ed="P"
          />The Son of Cronos spoke and nodded with his dark brows. And the divine locks of the king
          flowed forward </l>
      <l n="15">from his immortal head, and he made great <placeName key="tgn,7011019"
        >Olympus</placeName> reel. So spake wise Zeus and ordained it with a nod. <milestone unit="Para" ed="P"/>Be favorable, O
        Insewn, Inspirer of frenzied women! we singers sing of you as we begin and as we end a
        strain, and none forgetting you may call holy song to mind. </l>
      <l n="20">And so, farewell, Dionysus, Insewn, with your mother Semele whom men call Thyone.
      </l>
      </div>
    </body>
  </text>
</TEI>
