<?xml version="1.0" encoding="UTF-8"?><?xml-model href="http://www.stoa.org/epidoc/schema/8.19/tei-epidoc.rng"
schematypens="http://relaxng.org/ns/structure/1.0"?><?xml-model href="http://www.stoa.org/epidoc/schema/8.19/tei-epidoc.rng"
schematypens="http://purl.oclc.org/dsdl/schematron"?><TEI xmlns="http://www.tei-c.org/ns/1.0">
  <teiHeader>
      <fileDesc>
         <titleStmt>
            <title>Hymn 1 To Dionysus</title>
            <editor>Hugh G. Evelyn-White</editor>
            <sponsor>Perseus Project, Tufts University</sponsor>
            <principal>Gregory Crane</principal>
            <respStmt>
               <resp>Prepared under the supervision of</resp>
               <name>Lisa Cerrato</name>
               <name>William Merrill</name>
               <name>Elli Mylonas</name>
               <name>David Smith</name>
            </respStmt>
            <funder n="org:AnnCPB">The Annenberg CPB/Project</funder>

         </titleStmt>
         <publicationStmt>
            <publisher>Trustees of Tufts University</publisher>
            <pubPlace>Medford, MA</pubPlace>
            <authority>Perseus Project</authority>
         </publicationStmt>

         <sourceDesc>
            <bibl>
               <author>Anonymous</author>
               <title>The Homeric Hymns and Homerica with an English Translation
                  Homeric Hymns</title>
               <editor>Hugh G. Evelyn-White</editor>
               <pubPlace>London</pubPlace>
               <publisher>William Heinemann, Ltd.</publisher>
               <pubPlace>New York</pubPlace>
               <publisher>The Macmillan Co.</publisher>
               <date>1914</date>
               <series>
                  <title>Loeb Classical Library</title>                        
               </series>
               <ref target="https://archive.org/details/hesiodhomerichym00hesiuoft/">Internet Archive</ref>
            </bibl>        
         </sourceDesc>

      </fileDesc>

     <encodingDesc>
        <refsDecl n="CTS">
           <cRefPattern n="line" matchPattern="(\\w+)" replacementPattern="#xpath(/tei:TEI/tei:text/tei:body//tei:l[@n=\'$1\'])">
              <p>This pointer pattern extracts line</p>
           </cRefPattern>
        </refsDecl>
        <refsDecl>
           <refState unit="line"/>
        </refsDecl>
        <!--<refsDecl>
	<refState n="chunk" unit="card"/>
      </refsDecl>-->
     </encodingDesc>

      <profileDesc>
         <langUsage>
            <language ident="grc">Greek</language>
         </langUsage>
      </profileDesc>

      <revisionDesc>
         <change when="1988-01-01" who="Bill Merrill">Text keyboarded in the Philippines.  Basic SGML tagging by Bill Merrill</change>
         <change when="1993-08-01" who="EM">Go over text, check cardbreaks, and change tags to be more TEI conformant.</change>
         <change when="2014-07-01" who="Stella Dee">split speeches and converted to unicode</change>
         <change when="2014-08-01" who="Stella Dee">edited markup</change>
         <change when="2015-12-11" who="Lisa Cerrato">fixing titles and headers</change>
         <change when="2015-12-18" who="Lisa Cerrato">EpiDoc conversion and CTS related changes</change>
      </revisionDesc>

  </teiHeader>
  <text xml:lang="grc">
      <body>
         <div type="edition" xml:lang="grc" n="urn:cts:greekLit:tlg0013.tlg001.perseus-grc2">
         <head>Εἲς Διώνυσον</head>
            <l n="1">
               <gap reason="lost"/>
               <milestone unit="Para" ed="P"/>οἳ μὲν γὰρ Δρακάνῳ σʼ, οἳ δʼ Ἰκάρῳ ἠνεμοέσσῃ </l>
            <l n="2">φάσʼ, οἳ δʼ ἐν Νάξῳ, δῖον γένος, εἰραφιῶτα, </l>
            <l n="3">οἳ δέ σʼ ἐπʼ Ἀλφειῷ ποταμῷ βαθυδινήεντι </l>
            <l n="4">κυσαμένην Σεμέλην τεκέειν Διὶ τερπικεραύνῳ· </l>
            <l n="5">ἄλλοι δʼ ἐν Θήβῃσιν, ἄναξ, σε λέγουσι γενέσθαι, </l>
            <l n="6">ψευδόμενοι· σὲ δʼ ἔτικτε πατὴρ ἀνδρῶν τε θεῶν τε </l>
            <l n="7">πολλὸν ἀπʼ ἀνθρώπων, κρύπτων λευκώλενον Ἥρην. </l>
            <l n="8">ἔστι δέ τις Νύση, ὕπατον ὄρος, ἀνθέον ὕλῃ, </l>
            <l n="9">τηλοῦ Φοινίκης, σχεδὸν Αἰγύπτοιο ῥοάων, </l>
           <l n="10"><gap reason="lost"/><!--<milestone type="startquote"/>-->καί οἱ ἀναστήσουσιν ἀγάλματα πόλλʼ ἐνὶ νηοῖς. </l>
            <l n="11">ὣς δὲ τὰ μὲν τρία, σοὶ πάντως τριετηρίσιν αἰεὶ </l>
              <l n="12">ἄνθρωποι ῥέξουσι τεληέσσας ἑκατόμβας.<!--<milestone type="endquote"/>--></l>
           <l n="13">
            <milestone unit="Para" ed="P"/>ἦ καὶ κυανέῃσιν ἐπʼ ὀφρύσι νεῦσε Κρονίων· </l>
         <l n="14">ἀμβρόσιαι δʼ ἄρα χαῖται ἐπερρώσαντο ἄνακτος </l>
         <l n="15">κρατὸς ἀπʼ ἀθανάτοιο· μέγαν δʼ ἐλέλιξεν Ὄλυμπον. </l>
         <l n="16">ὣς εἰπὼν ἐπένευσε καρήατι μητίετα Ζεύς.</l>
        
            <l n="17">
               <milestone unit="Para" ed="P"/>ἵληθʼ, εἰραφιῶτα, γυναιμανές· οἱ δέ σʼ ἀοιδοὶ </l>
            <l n="18">ᾁδομεν ἀρχόμενοι λήγοντές τʼ· οὐδέ πῃ ἔστι </l>
            <l n="19">σεῖʼ ἐπιληθομένῳ ἱερῆς μεμνῆσθαι ἀοιδῆς. </l>
            <l n="20">καὶ σὺ μὲν οὕτω χαῖρε, Διώνυσʼ εἰραφιῶτα, </l>
            <l n="21">σὺν μητρὶ Σεμέλῃ, ἥν περ καλέουσι Θυώνην. </l>
         </div>
      </body>
  </text>
</TEI>