<?xml version="1.0" encoding="UTF-8"?>
<ti:work xmlns:ti="http://chs.harvard.edu/xmlns/cts" groupUrn="urn:cts:greekLit:tlg0013" projid="greekLit:tlg002" urn="urn:cts:greekLit:tlg0013.tlg002" xml:lang="grc">
            
   <ti:title xml:lang="eng">Hymn 2 to Demeter</ti:title>
   
   
    <ti:edition projid="greekLit:perseus-grc2" urn="urn:cts:greekLit:tlg0013.tlg002.perseus-grc2" workUrn="urn:cts:greekLit:tlg0013.tlg002" xml:lang="grc">
       <ti:label xml:lang="eng">Hymn 2 to Demeter, Hesiod The Homeric hymns. And Homerica</ti:label>
                <ti:description xml:lang="eng">Hymni Homerici, creator; Hesiod, creator; Homer, creator; Evelyn-White, Hugh G. (Hugh Gerard), d. 1924, editor; Evelyn-White, Hugh G. (Hugh Gerard), d. 1924, translator</ti:description>
                <ti:memberof collection="Perseus:collection:Greco-Roman"/>        
   </ti:edition>
        
   <ti:translation projid="greekLit:perseus-eng2" urn="urn:cts:greekLit:tlg0013.tlg002.perseus-eng2" workUrn="urn:cts:greekLit:tlg0013.tlg002" xml:lang="eng">   
      <ti:label xml:lang="eng">Hymn 2 to Demeter, Hesiod The Homeric hymns. And Homerica</ti:label>
      <ti:description xml:lang="eng">Hymni Homerici, creator; Hesiod, creator; Homer, creator; Evelyn-White, Hugh G. (Hugh Gerard), d. 1924, translator</ti:description>
            <ti:memberof collection="Perseus:collection:Greco-Roman"/>
   </ti:translation>

</ti:work>