<?xml version="1.0" encoding="UTF-8"?>
<?xml-model href="http://www.stoa.org/epidoc/schema/8.19/tei-epidoc.rng"
schematypens="http://relaxng.org/ns/structure/1.0"?>
<?xml-model href="http://www.stoa.org/epidoc/schema/8.19/tei-epidoc.rng"
schematypens="http://purl.oclc.org/dsdl/schematron"?>
<TEI xmlns="http://www.tei-c.org/ns/1.0">  
<teiHeader>
      <fileDesc>
         <titleStmt>
            <title>Hymn 5 To Aphrodite</title>
            
            <editor role="translator">Hugh G. Evelyn-White</editor>
            <sponsor>Perseus Project, Tufts University</sponsor>
            <principal>Gregory Crane</principal>
            <respStmt>
               <resp>Prepared under the supervision of</resp>
               <name>Lisa Cerrato</name>
               <name>William Merrill</name>
               <name>Elli Mylonas</name>
               <name>David Smith</name>
            </respStmt>
            <funder n="org:AnnCPB">The Annenberg CPB/Project</funder>

         </titleStmt>
         <publicationStmt>
            <publisher>Trustees of Tufts University</publisher>
            <pubPlace>Medford, MA</pubPlace>
            <authority>Perseus Project</authority>
         </publicationStmt>



         <sourceDesc>
            <bibl>
               <author>Anonymous</author>
               <title>The Homeric Hymns and Homerica with an English Translation by Hugh G. Evelyn-White.
            Homeric Hymns</title>
               <publisher>Cambridge, MA.,Harvard University Press; London, William Heinemann
            Ltd.</publisher>
               <date>1914</date>
            </bibl>
         </sourceDesc>

      </fileDesc>

      <encodingDesc>
       <refsDecl n="CTS">
        <cRefPattern n="line"
         matchPattern="(\\w+)"
         replacementPattern="#xpath(/tei:TEI/tei:text/tei:body//tei:l[@n=\'$1\'])">
         <p>This pointer pattern extracts line</p>
        </cRefPattern>
       </refsDecl>
       <refsDecl>
        <refState unit="line"/>
       </refsDecl>
       <!--<refsDecl>
	<refState n="chunk" unit="card"/>
      </refsDecl>-->    </encodingDesc>

      <profileDesc>
         <langUsage>
            <language ident="eng">English</language>
            <language ident="grc">Greek</language>
            <!--<language ident="xgreek">Transliterated Greek</language>-->
         </langUsage>
      </profileDesc>

      <revisionDesc>
       <change when="1988-01-01" who="Bill Merrill">Text keyboarded in the Philippines.  Basic SGML tagging by Bill Merrill</change>
       <change when="1993-08-01" who="EM">Go over text, check cardbreaks, and change tags to be more TEI conformant.</change>
       <change when="2014-07-01" who="Stella Dee">split composite text and converted to unicode</change>
       <change when="2014-08-01" who="Stella Dee">edited markup</change>
       <change when="2015-12-11" who="Lisa Cerrato">fixing titles and headers</change>
       <change when="2016-01-11" who="Lisa Cerrato">EpiDoc conversion and CTS related changes</change>
</revisionDesc>

  </teiHeader>
 
  <text xml:lang="eng">
      <body>
       <div type="translation" xml:lang="eng" n="urn:cts:greekLit:tlg0013.tlg005.perseus-eng2">
       <head>To Aphrodite</head>
         <milestone n="1" unit="card"/>
       <l n="1"><milestone unit="Para" ed="P"/>Muse, tell me the deeds of golden Aphrodite the Cyprian, who stirs up sweet passion
        in the gods and subdues the tribes of mortal men and birds that fly in air and all the many
        creatures </l>
         <l n="5">that the dry land rears, and all that the sea: all these love the deeds of
          rich-crowned Cytherea. <milestone unit="Para" ed="P"/>Yet there are three hearts that she cannot bend nor yet ensnare.
        First is the daughter of Zeus who holds the aegis, bright-eyed Athena; for she has no
        pleasure in the deeds of golden Aphrodite, </l>
         <l n="10">but delights in wars and in the work of Ares, in strifes and battles and in
        preparing famous crafts. She first taught earthly craftsmen to make chariots of war and cars
        variously wrought with bronze, and she, too, teaches tender maidens in the house </l>
         <l n="15">and puts knowledge of goodly arts in each one's mind. Nor does laughter-loving
        Aphrodite ever tame in love Artemis, the huntress with shafts of gold; for she loves archery
        and the slaying of wild beasts in the mountains, the lyre also and dancing and thrilling
        cries </l>
         <l n="20">and shady woods and the cities of upright men. Nor yet does the pure maiden Hestia
        love Aphrodite's works. She was the first-born child of wily Cronos and youngest too,<note anchored="true" resp="ed">Cronos swallowed each of his children the moment that they were
          born, but ultimately was forced to disgorge them. Hestia, being the first to be swallowed,
          was the last to be disgorged, and so was at once the first and latest born of the children
          of Cronos. Cp. <bibl n="Hes. Th. 495-7">Hesiod <title>Theogony</title>, ll.
          495-7</bibl>.</note> by will of Zeus who holds the aegis, —a queenly maid whom both
        Poseidon and Apollo sought to wed. </l>
         <l n="25">But she was wholly unwilling, nay, stubbornly refused; and touching the head of
        father Zeus who holds the aegis, she, that fair goddess, swear a great oath which has in
        truth been fulfilled, that she would be a maiden all her days. So Zeus the Father gave her
        an high honor instead of marriage, </l>
         <l n="30">and she has her place in the midst of the house and has the richest portion. In all
        the temples of the gods she has a share of honor, and among all mortal men she is chief of
        the goddesses.<milestone ed="P" n="33" unit="card"/> <milestone unit="Para" ed="P"/>Of these three Aphrodite cannot bend or
        ensnare the hearts. But of all others there is nothing </l>
         <l n="35">among the blessed gods or among mortal men that has escaped Aphrodite. Even the
        heart of Zeus, who delights in thunder, is led astray by her; though he is greatest of all
        and has the lot of highest majesty, she beguiles even his wise heart whensoever she pleases,
        and mates him with mortal women, </l>
         <l n="40">unknown to Hera, his sister and his wife, the grandest far in beauty among the
        deathless goddesses —most glorious is she whom wily Cronos with her mother Rhea did beget:
        and Zeus, whose wisdom is everlasting, made her his chaste and careful wife. </l>
        <l n="45"><milestone unit="Para" ed="P"/>But upon Aphrodite herself Zeus cast sweet desire to be joined in love with a mortal
        man, to the end that, very soon, not even she should be innocent of a mortal's love; lest
        laughter-loving Aphrodite should one day softly smile and say mockingly among all the gods </l>
         <l n="50">that she had joined the gods in love with mortal women who bare sons of death to the
          deathless gods, and had mated the goddesses with mortal men. <milestone unit="Para" ed="P"/>And so he put in her heart
        sweet desire for Anchises who at that time among the steep hills of many-fountained Ida </l>
         <l n="55">was tending cattle, and in shape was like the immortal gods. Therefore, when
        laughter-loving Aphrodite saw him, she loved him, and terribly desire seized her in her
        heart. She went to <placeName key="tgn,1000112">Cyprus</placeName>, to <placeName key="tgn,7002373">Paphos</placeName>, where her precinct is and fragrant altar, and passed
        into her sweet-smelling temple. </l>
         <l n="60">There she went in and put to the glittering doors, and there the Graces bathed her
        with heavenly oil such as blooms upon the bodies of the eternal gods —oil divinely sweet,
        which she had by her, filled with fragrance. And laughter-loving Aphrodite put on all her
        rich clothes, </l>
         <l n="65">and when she had decked herself with gold, she left sweet-smelling <placeName key="tgn,1000112">Cyprus</placeName> and went in haste towards <placeName key="perseus,Troy">Troy</placeName>, swiftly travelling high up among the clouds. So she
        came to many-fountained Ida, the mother of wild creatures and went straight to the homestead
        across the mountains. After her </l>
         <l n="70">came grey wolves, fawning on her, and grim-eyed lions, and bears, and fleet
        leopards, ravenous for deer: and she was glad in heart to see them, and put desire in their
        breasts, so that they all mated, two together, about the shadowy coombes.<milestone n="75" unit="card"/>
         </l>
        <l n="75"><milestone unit="Para" ed="P"/>But she herself came to the neat-built shelters, and him she found left quite alone
        in the homestead —the hero Anchises who was comely as the gods. All the others were
        following the herds over the grassy pastures, and he, left quite alone in the homestead, </l>
         <l n="80">was roaming hither and thither and playing thrillingly upon the lyre. And Aphrodite,
        the daughter of Zeus stood before him, being like a pure maiden in height and mien, that he
        should not be frightened when he took heed of her with his eyes. Now when Anchises saw her,
        he marked her well and wondered at </l>
         <l n="85">her mien and height and shining garments. For she was clad in a robe out-shining the
        brightness of fire, </l>
         <l n="89">a splendid robe of gold, enriched with all manner of needlework, which shimmered
        like the moon </l>
         <l n="90">over her tender breasts, a marvel to see. Also she wore twisted brooches and shining
        earrings in the form of flowers; </l>
         <l n="87">and round her soft throat were lovely necklaces. </l>
        <l n="88"><milestone unit="Para" ed="P"/>And Anchises was seized with love, and said to her: </l>
        <l n="91"><!-- <milestone type="startquote"/> -->“Hail, lady, whoever of the blessed ones you are that are come to this house,
        whether Artemis, or Leto, or golden Aphrodite, or high-born Themis, or bright-eyed Athena. </l>
         <l n="95">Or, maybe, you are one of the Graces come hither, who bear the gods company and are
        called immortal, or else one of the Nymphs who haunt the pleasant woods, or of those who
        inhabit this lovely mountain and the springs of rivers and grassy meads. </l>
         <l n="100">I will make you an altar upon a high peak in a far seen place, and will sacrifice
        rich offerings to you at all seasons. And do you feel kindly towards me and grant that I may
        become a man very eminent among the Trojans, and give me strong offspring for the time to
        come. As for my own self, </l>
         <l n="105">let me live long and happily, seeing the light of the sun, and come to the
          threshold of old age, a man prosperous among the people.”<!-- <milestone type="endquote"/> --><milestone n="107" unit="card"/><milestone unit="Para" ed="P"/>
          Thereupon Aphrodite the daughter of Zeus answered him: <!-- <milestone type="startquote"/> -->“Anchises, most glorious of all men
        born on earth, know that I am no goddess: why do you liken me to the deathless ones? </l>
         <l n="110">Nay, I am but a mortal, and a woman was the mother that bare me. Otreus of famous
        name is my father, if so be you have heard of him, and he reigns over all <placeName key="tgn,7002613">Phrygia</placeName> rich in fortresses. But I know your speech well
        beside my own, for a Trojan nurse brought me up at home: </l>
         <l n="115">she took me from my dear mother and reared me thenceforth when I was a little
        child. So comes it, then, that I well know your tongue also. And now the Slayer of Argus
        with the golden wand has caught me up from the dance of huntress Artemis, her with the
        golden arrows. For there were many of us, nymphs and marriageable<note anchored="true" resp="ed">“Cattle-earning,” because an accepted suitor paid for his bride in
          cattle.</note> maidens, </l>
         <l n="120">playing together; and an innumerable company encircled us: from these the Slayer of
        Argus with the golden wand rapt me away. He carried me over many fields of mortal men and
        over much land untilled and unpossessed, where savage wild-beasts roam through shady
        coombes, </l>
         <l n="125">until I thought never again to touch the life-giving earth with my feet. And he
        said that I should be called the wedded wife of Anchises, and should bear you goodly
        children. But when he had told and advised me, he, the strong Slayer of <placeName key="perseus,Argos">Argos</placeName>, went back to the families of the deathless gods, </l>
         <l n="130">while I am now come to you: for unbending necessity is upon me. But I beseech you
        by Zeus and by your noble parents —for no base folk could get such a son as you —take me
        now, stainless and unproved in love, and show me to your father and careful mother </l>
         <l n="135">and to your brothers sprung from the same stock. I shall be no ill-liking daughter
        for them, but a likely. Moreover, send a messenger quickly to the swift-horsed Phrygians, to
        tell my father and my sorrowing mother; and they will send you gold in plenty and woven
        stuffs, many splendid gifts; </l>
         <l n="140">take these as bride-piece. So do, and then prepare the sweet marriage that is
          honorable in the eyes of men and deathless gods.”<!-- <milestone type="endquote"/> --> <milestone unit="Para" ed="P"/>When she had so spoken, the goddess put
        sweet desire in his heart. And Anchises was seized with love, so that he opened his mouth
        and said:<milestone n="145" unit="card"/>
         </l>
        <l n="145"><milestone unit="Para" ed="P"/><!-- <milestone type="startquote"/> -->“If you are a mortal and a woman was the mother who bare you, and Otreus of famous
        name is your father as you say, and if you are come here by the will of Hermes the immortal
        Guide, and are to be called my wife always, then neither god nor mortal man </l>
         <l n="150">shall here restrain me till I have lain with you in love right now; no, not even if
        far-shooting Apollo himself should launch grievous shafts from his silver bow. Willingly
        would I go down into the house of Hades, O lady, beautiful as the goddesses, once I had gone
        up to your bed.”<!-- <milestone type="endquote"/> --> </l>
        <l n="155"><milestone unit="Para" ed="P"/>So speaking, he caught her by the hand. And laughter-loving Aphrodite, with face
        turned away and lovely eyes downcast, crept to the well-spread couch which was already laid
        with soft coverings for the hero; and upon it lay skins of bears and deep-roaring lions </l>
         <l n="160">which he himself had slain in the high mountains. And when they had gone up upon
        the well-fitted bed, first Anchises took off her bright jewelry of pins and twisted brooches
        and earrings and necklaces, and loosed her girdle and stripped off her bright garments </l>
         <l n="165">and laid them down upon a silver-studded seat. Then by the will of the gods and
        destiny he lay with her, a mortal man with an immortal goddess, not clearly knowing what he
        did. <milestone unit="Para" ed="P"/>But at the time when the herdsmen drive their oxen and hardy sheep back to the fold
        from the flowery pastures, </l>
         <l n="170">even then Aphrodite poured soft sleep upon Anchises, but herself put on her rich
        raiment. And when the bright goddess had fully clothed herself, she stood by the couch, and
        her head reached to the well-hewn roof-tree; from her cheeks shone unearthly beauty </l>
         <l n="175">such as belongs to rich-crowned Cytherea. Then she aroused him from sleep and
          opened her mouth and said:<milestone n="177" unit="card"/><milestone unit="Para" ed="P"/><!-- <milestone type="startquote"/> -->“Up, son of Dardanus! —why sleep
          you so heavily? —and consider whether I look as I did when first you saw me with your eyes.”<!-- <milestone type="endquote"/> --></l>
        <l n="180"><milestone unit="Para" ed="P"/>So she spake. And he awoke in a moment and obeyed her. But when he saw the neck
        and lovely eyes of Aphrodite, he was afraid and turned his eyes aside another way, hiding
        his comely face with his cloak. Then he uttered winged words and entreated her: </l>
        <l n="185"><milestone unit="Para" ed="P"/><!-- <milestone type="startquote"/> -->“So soon as ever I saw you with my eyes, goddess, I knew that you were divine; but
        you did not tell me truly. Yet by Zeus who holds the aegis I beseech you, leave me not to
        lead a palsied life among men, but have pity on me; </l>
        <l n="190">for he who lies with a deathless goddess is no hale man afterwards.”<!-- <milestone type="endquote"/> --><milestone unit="Para" ed="P"/>Then Aphrodite
         the daughter of Zeus answered him: <!-- <milestone type="startquote"/> -->“Anchises, most glorious of mortal men, take courage and
        be not too fearful in your heart. You need fear no harm from me </l>
         <l n="195">nor from the other blessed ones, for you are dear to the gods: and you shall have a
        dear son who shall reign among the Trojans, and children's children after him, springing up
        continually. His name shall be Aeneas,<note anchored="true" resp="ed">The name Aeneas is
          here connected with the epithet <foreign xml:lang="xgreek">ainos</foreign> (awful):
          similarly the name Odysseus is derived (in <bibl n="Hom. Od. 1.62">
                  <title>Od.</title> i.
            62</bibl>) from <foreign xml:lang="greek">o)dussomai</foreign> (I grieve).</note>
        because I felt awful grief in that I laid me in the bed of a mortal man: </l>
         <l n="200">yet are those of your race always the most like to gods of all mortal men in beauty
        and in stature.<note anchored="true" resp="ed">Aphrodite extenuates her disgrace by claiming
          that the race of Anchises is almost divine, as is shown in the persons of Ganymedes and
          Tithonus.</note> <milestone unit="Para" ed="P"/>Verily wise Zeus carried off golden-haired Ganymedes because of his
        beauty, to be amongst the Deathless Ones and pour drink for the gods in the house of Zeus — </l>
         <l n="205">a wonder to see—,honored by all the immortals as he draws the red nectar from the
        golden bowl. But grief that could not be soothed filled the heart of Tros; for he knew not
        whither the heaven-sent whirlwind had caught up his dear son, so that he mourned him always,
        unceasingly, </l>
         <l n="210">until Zeus pitied him and gave him high-stepping horses such as carry the immortals
        as recompense for his son. These he gave him as a gift. And at the command of Zeus, the
        Guide, the slayer of Argus, told him all, and how his son would be deathless and unageing,
        even as the gods. </l>
         <l n="215">So when Tros heard these tidings from Zeus, he no longer kept mourning but rejoiced
          in his heart and rode joyfully with his storm-footed horses.<milestone ed="P" n="218" unit="card"/><milestone unit="Para" ed="P"/>So also golden-throned Eos rapt away Tithonus who was of your race and like
        the deathless gods. </l>
         <l n="220">And she went to ask the dark-clouded Son of Cronos that he should be deathless and
        live eternally; and Zeus bowed his head to her prayer and fulfilled her desire. Too simple
        was queenly Eos: she thought not in her heart to ask youth for him and to strip him of the
        slough of deadly age. </l>
         <l n="225">So while he enjoyed the sweet flower of life he lived rapturously with
        golden-throned Eos, the early-born, by the streams of Ocean, at the ends of the earth; but
        when the first grey hairs began to ripple from his comely head and noble chin, </l>
         <l n="230">queenly Eos kept away from his bed, though she cherished him in her house and
        nourished him with food and ambrosia and gave him rich clothing. But when loathsome old age
        pressed full upon him, and he could not move nor lift his limbs, </l>
         <l n="235">this seemed to her in her heart the best counsel: she laid him in a room and put to
        the shining doors. There he babbles endlessly, and no more has strength at all, such as once
        he had in his supple limbs. <milestone unit="Para" ed="P"/>I would not have you be deathless among the deathless gods </l>
         <l n="240">and live continually after such sort. Yet if you could live on such as now you are
        in look and in form, and be called my husband, sorrow would not then enfold my careful
        heart. But, as it is, harsh<note anchored="true" resp="ed">So Christ connecting the word
            with<foreign xml:lang="greek">w)mo/s</foreign>. L. and S. give=<foreign xml:lang="greek">dmoi=os</foreign>, “common to all.”</note> old age will soon enshroud you — </l>
         <l n="245">ruthless age which stands someday at the side of every man, deadly, wearying,
          dreaded even by the gods.<milestone n="247" unit="card"/><milestone unit="Para" ed="P"/>And now because of you I shall
        have great shame among the deathless gods henceforth, continually. For until now they feared
        my jibes and the wiles by which, or soon or late, </l>
         <l n="250">I mated all the immortals with mortal women, making them all subject to my will.
        But now my mouth shall no more have this power among the gods; for very great has been my
        madness, my miserable and dreadful madness, and I went astray out of my mind </l>
         <l n="255">who have gotten a child beneath my girdle, mating with a mortal man. As for the
        child, as soon as he sees the light of the sun, the deep-breasted mountain Nymphs who
        inhabit this great and holy mountain shall bring him up. They rank neither with mortals nor
        with immortals: </l>
         <l n="260">long indeed do they live, eating heavenly food and treading the lovely dance among
        the immortals, and with them the Sileni and the sharp-eyed Slayer of Argus mate in the
        depths of pleasant caves; but at their birth pines or high-topped oaks </l>
         <l n="265">spring up with them upon the fruitful earth, beautiful, flourishing trees, towering
        high upon the lofty mountains (and men call them holy places of the immortals, and never
        mortal lops them with the axe); but when the fate of death is near at hand, </l>
         <l n="270">first those lovely trees wither where they stand, and the bark shrivels away about
        them, and the twigs fall down, and at last the life of the Nymph and of the tree leave the
        light of the sun together. These Nymphs shall keep my son with them and rear him, and as
        soon as he is come to lovely boyhood, </l>
         <l n="275">the goddesses will bring him here to you and show you your child. But, that I may
        tell you all that I have in mind, I will come here again towards the fifth year and bring
        you my son. So soon as ever you have seen him —a scion to delight the eyes —, you will
        rejoice in beholding him; for he shall be most godlike: </l>
         <l n="280">them bring him at once to windy <placeName key="tgn,7002329">Ilion</placeName>. And
        if any mortal man ask you who got your dear son beneath her girdle, remember to tell him as
        I bid you: say he is the offspring of one of the flower-like Nymphs </l>
         <l n="285">who inhabit this forest-clad hill. But if you tell all and foolishly boast that you
        lay with rich-crowned Aphrodite, Zeus will smite you in his anger with a smoking
        thunderbolt. Now I have told you all. Take heed: </l>
        <l n="290">refrain and name me not, but have regard to the anger of the gods.”<!-- <milestone type="endquote"/> --> <milestone unit="Para" ed="P"/>When the
         goddess had so spoken, she soared up to windy heaven. <milestone unit="Para" ed="P"/>Hail, goddess, queen of well-builded
          <placeName key="tgn,1000112">Cyprus</placeName>! with you have I begun; now I will turn me
        to another hymn. </l>
       </div>
      </body>

  </text>
</TEI>
